id,tier,family,url,h1,title_tag,primary_query,queries,impressions,clicks,conversions,words,content_blocks,top_queries
1,1,packages-from-city,/packages/from/delhi,Kashmir Tour Packages from Delhi,"Kashmir Tour Packages from Delhi - Flights, Fares & Itineraries | Glitz Holidays",kashmir packages from delhi,1296,23233,602,41.5,1200-1600,"Live round-trip airfare band Delhi to SXR, and the carriers that actually fly it | Real flight duration, direct vs via DEL - this changes Day 1 completely | Train option from Delhi: actual train names/numbers to Jammu Tawi plus the road leg | Three packages priced ex-Delhi, land-only AND with-flight, per person twin-sharing | Day 1 itinerary written for the actual Delhi arrival time, not a generic Day 1 | Best months to fly from Delhi and when fares spike (school holidays, Eid, Christmas) | FAQ: cheapest month from Delhi, baggage for snow gear, connecting-flight risk | Internal links to the three packages and /routes/delhi-to-srinagar-flight",delhi to kashmir train (1867) ; airfare from new delhi to srinagar (1134) ; delhi to kashmir flight (1112) ; airfare to srinagar from new delhi (805) ; delhi to gulmarg by train (760) ; delhi to kashmir (757) ; delhi to srinagar train (594) ; delhi to srinagar by train (594)
2,1,packages-from-city,/packages/from/mumbai,Kashmir Tour Packages from Mumbai,"Kashmir Tour Packages from Mumbai - Flights, Fares & Itineraries | Glitz Holidays",kashmir packages from mumbai,390,4899,244,14.0,1200-1600,"Live round-trip airfare band Mumbai to SXR, and the carriers that actually fly it | Real flight duration, direct vs via DEL - this changes Day 1 completely | Train option from Mumbai: actual train names/numbers to Jammu Tawi plus the road leg | Three packages priced ex-Mumbai, land-only AND with-flight, per person twin-sharing | Day 1 itinerary written for the actual Mumbai arrival time, not a generic Day 1 | Best months to fly from Mumbai and when fares spike (school holidays, Eid, Christmas) | FAQ: cheapest month from Mumbai, baggage for snow gear, connecting-flight risk | Internal links to the three packages and /routes/mumbai-to-srinagar-flight",airfare from mumbai to srinagar (471) ; kashmir packages from mumbai (360) ; mumbai to kashmir by train (342) ; airfare to srinagar from mumbai (220) ; mumbai to kashmir flight (217) ; kashmir tour packages from mumbai (150) ; vaishno devi tour package from mumbai (123) ; mumbai to kashmir (104)
3,1,packages-from-city,/packages/from/bangalore,Kashmir Tour Packages from Bangalore,"Kashmir Tour Packages from Bangalore - Flights, Fares & Itineraries | Glitz Holidays",kashmir packages from bangalore,235,3556,164,12.0,1200-1600,"Live round-trip airfare band Bangalore to SXR, and the carriers that actually fly it | Real flight duration, direct vs via DEL - this changes Day 1 completely | Train option from Bangalore: actual train names/numbers to Jammu Tawi plus the road leg | Three packages priced ex-Bangalore, land-only AND with-flight, per person twin-sharing | Day 1 itinerary written for the actual Bangalore arrival time, not a generic Day 1 | Best months to fly from Bangalore and when fares spike (school holidays, Eid, Christmas) | FAQ: cheapest month from Bangalore, baggage for snow gear, connecting-flight risk | Internal links to the three packages and /routes/bangalore-to-srinagar-flight",bangalore to kashmir flight (762) ; bangalore to kashmir train (566) ; bangalore to kashmir (316) ; bangalore to srinagar flight (273) ; kashmir tour packages from bangalore (95) ; bangalore to srinagar train (80) ; kashmir honeymoon packages from bangalore (62) ; kashmir packages from bangalore (57)
4,1,packages-from-city,/packages/from/hyderabad,Kashmir Tour Packages from Hyderabad,"Kashmir Tour Packages from Hyderabad - Flights, Fares & Itineraries | Glitz Holidays",kashmir packages from hyderabad,153,1317,80,6.0,1200-1600,"Live round-trip airfare band Hyderabad to SXR, and the carriers that actually fly it | Real flight duration, direct vs via DEL - this changes Day 1 completely | Train option from Hyderabad: actual train names/numbers to Jammu Tawi plus the road leg | Three packages priced ex-Hyderabad, land-only AND with-flight, per person twin-sharing | Day 1 itinerary written for the actual Hyderabad arrival time, not a generic Day 1 | Best months to fly from Hyderabad and when fares spike (school holidays, Eid, Christmas) | FAQ: cheapest month from Hyderabad, baggage for snow gear, connecting-flight risk | Internal links to the three packages and /routes/hyderabad-to-srinagar-flight",hyderabad to kashmir flight (204) ; hyderabad to kashmir (92) ; airfare from hyderabad to srinagar (63) ; hyderabad to kashmir by train (50) ; kashmir tour package from hyderabad (49) ; hyderabad to kashmir train (48) ; hyderabad to kashmir tour (46) ; how to go kashmir from hyderabad (44)
5,1,packages-from-city,/packages/from/chennai,Kashmir Tour Packages from Chennai,"Kashmir Tour Packages from Chennai - Flights, Fares & Itineraries | Glitz Holidays",kashmir packages from chennai,125,833,46,1.0,1200-1600,"Live round-trip airfare band Chennai to SXR, and the carriers that actually fly it | Real flight duration, direct vs via DEL - this changes Day 1 completely | Train option from Chennai: actual train names/numbers to Jammu Tawi plus the road leg | Three packages priced ex-Chennai, land-only AND with-flight, per person twin-sharing | Day 1 itinerary written for the actual Chennai arrival time, not a generic Day 1 | Best months to fly from Chennai and when fares spike (school holidays, Eid, Christmas) | FAQ: cheapest month from Chennai, baggage for snow gear, connecting-flight risk | Internal links to the three packages and /routes/chennai-to-srinagar-flight",chennai to kashmir flight (124) ; chennai to kashmir (72) ; airfare from chennai to srinagar (52) ; kashmir tour package from chennai (44) ; chennai to kashmir flight ticket price (36) ; kashmir honeymoon packages from chennai (36) ; kashmir tour packages from chennai (35) ; chennai to gulmarg (27)
6,1,packages-from-city,/packages/from/kolkata,Kashmir Tour Packages from Kolkata,"Kashmir Tour Packages from Kolkata - Flights, Fares & Itineraries | Glitz Holidays",kashmir packages from kolkata,295,3737,57,6.0,1200-1600,"Live round-trip airfare band Kolkata to SXR, and the carriers that actually fly it | Real flight duration, direct vs via DEL - this changes Day 1 completely | Train option from Kolkata: actual train names/numbers to Jammu Tawi plus the road leg | Three packages priced ex-Kolkata, land-only AND with-flight, per person twin-sharing | Day 1 itinerary written for the actual Kolkata arrival time, not a generic Day 1 | Best months to fly from Kolkata and when fares spike (school holidays, Eid, Christmas) | FAQ: cheapest month from Kolkata, baggage for snow gear, connecting-flight risk | Internal links to the three packages and /routes/kolkata-to-srinagar-flight",kolkata to kashmir tour (298) ; kolkata to kashmir (290) ; kolkata to kashmir flight ticket price (215) ; kashmir tour package from kolkata (184) ; howrah to kashmir train journey (179) ; howrah to kashmir (178) ; airfare from kolkata to srinagar (88) ; kolkata to kashmir tour package price (87)
7,1,packages-from-city,/packages/from/pune,Kashmir Tour Packages from Pune,"Kashmir Tour Packages from Pune - Flights, Fares & Itineraries | Glitz Holidays",kashmir packages from pune,129,1305,54,1.0,1200-1600,"Live round-trip airfare band Pune to SXR, and the carriers that actually fly it | Real flight duration, direct vs via DEL - this changes Day 1 completely | Train option from Pune: actual train names/numbers to Jammu Tawi plus the road leg | Three packages priced ex-Pune, land-only AND with-flight, per person twin-sharing | Day 1 itinerary written for the actual Pune arrival time, not a generic Day 1 | Best months to fly from Pune and when fares spike (school holidays, Eid, Christmas) | FAQ: cheapest month from Pune, baggage for snow gear, connecting-flight risk | Internal links to the three packages and /routes/pune-to-srinagar-flight",pune to kashmir flight (239) ; kashmir tour packages from pune (199) ; pune to srinagar flight (179) ; pune to gulmarg flight (54) ; pune to srinagar (40) ; pune to vaishno devi trip (34) ; pune to kashmir flight ticket price (29) ; pune to srinagar by road (26)
8,1,packages-from-city,/packages/from/ahmedabad,Kashmir Tour Packages from Ahmedabad,"Kashmir Tour Packages from Ahmedabad - Flights, Fares & Itineraries | Glitz Holidays",kashmir packages from ahmedabad,135,1157,52,3.0,1200-1600,"Live round-trip airfare band Ahmedabad to SXR, and the carriers that actually fly it | Real flight duration, direct vs via DEL - this changes Day 1 completely | Train option from Ahmedabad: actual train names/numbers to Jammu Tawi plus the road leg | Three packages priced ex-Ahmedabad, land-only AND with-flight, per person twin-sharing | Day 1 itinerary written for the actual Ahmedabad arrival time, not a generic Day 1 | Best months to fly from Ahmedabad and when fares spike (school holidays, Eid, Christmas) | FAQ: cheapest month from Ahmedabad, baggage for snow gear, connecting-flight risk | Internal links to the three packages and /routes/ahmedabad-to-srinagar-flight",kashmir tour packages from ahmedabad (139) ; airfare from ahmedabad to srinagar (109) ; ahmedabad to kashmir flight (104) ; ahmedabad to kashmir train (73) ; ahmedabad kashmir (46) ; ahmedabad to kashmir (37) ; kashmir honeymoon packages from ahmedabad (36) ; ahmedabad to srinagar flight (32)
9,1,packages-from-city,/packages/from/chandigarh,Kashmir Tour Packages from Chandigarh,"Kashmir Tour Packages from Chandigarh - Flights, Fares & Itineraries | Glitz Holidays",kashmir packages from chandigarh,130,1400,56,6.0,1200-1600,"Live round-trip airfare band Chandigarh to SXR, and the carriers that actually fly it | Real flight duration, direct vs via DEL - this changes Day 1 completely | Train option from Chandigarh: actual train names/numbers to Jammu Tawi plus the road leg | Three packages priced ex-Chandigarh, land-only AND with-flight, per person twin-sharing | Day 1 itinerary written for the actual Chandigarh arrival time, not a generic Day 1 | Best months to fly from Chandigarh and when fares spike (school holidays, Eid, Christmas) | FAQ: cheapest month from Chandigarh, baggage for snow gear, connecting-flight risk | Internal links to the three packages and /routes/chandigarh-to-srinagar-flight",chandigarh to kashmir flight (227) ; chandigarh to kashmir (149) ; chandigarh to srinagar by road (138) ; chandigarh to kashmir train (78) ; chandigarh to kashmir trip (62) ; airfare to srinagar from chandigarh (54) ; airfare from chandigarh to srinagar (52) ; chandigarh to kashmir by train (49)
10,1,packages-from-city,/packages/from/lucknow,Kashmir Tour Packages from Lucknow,"Kashmir Tour Packages from Lucknow - Flights, Fares & Itineraries | Glitz Holidays",kashmir packages from lucknow,93,1328,47,1.0,1200-1600,"Live round-trip airfare band Lucknow to SXR, and the carriers that actually fly it | Real flight duration, direct vs via DEL - this changes Day 1 completely | Train option from Lucknow: actual train names/numbers to Jammu Tawi plus the road leg | Three packages priced ex-Lucknow, land-only AND with-flight, per person twin-sharing | Day 1 itinerary written for the actual Lucknow arrival time, not a generic Day 1 | Best months to fly from Lucknow and when fares spike (school holidays, Eid, Christmas) | FAQ: cheapest month from Lucknow, baggage for snow gear, connecting-flight risk | Internal links to the three packages and /routes/lucknow-to-srinagar-flight",lucknow to kashmir by train (305) ; lucknow to kashmir (265) ; lucknow to kashmir flight (181) ; lucknow se kashmir kaise jaen (119) ; lucknow to kashmir by road (29) ; lucknow to srinagar by train (25) ; how to go kashmir from lucknow (20) ; flight from lucknow to kashmir (20)
11,1,packages-from-city,/packages/from/jaipur,Kashmir Tour Packages from Jaipur,"Kashmir Tour Packages from Jaipur - Flights, Fares & Itineraries | Glitz Holidays",kashmir packages from jaipur,83,707,35,1.0,1200-1600,"Live round-trip airfare band Jaipur to SXR, and the carriers that actually fly it | Real flight duration, direct vs via DEL - this changes Day 1 completely | Train option from Jaipur: actual train names/numbers to Jammu Tawi plus the road leg | Three packages priced ex-Jaipur, land-only AND with-flight, per person twin-sharing | Day 1 itinerary written for the actual Jaipur arrival time, not a generic Day 1 | Best months to fly from Jaipur and when fares spike (school holidays, Eid, Christmas) | FAQ: cheapest month from Jaipur, baggage for snow gear, connecting-flight risk | Internal links to the three packages and /routes/jaipur-to-srinagar-flight",jaipur to kashmir flight (127) ; jaipur to vaishno devi trip (70) ; jaipur to kashmir (54) ; airfare from jaipur to srinagar (34) ; jaipur to srinagar flight (30) ; airfare to srinagar from jaipur (24) ; kashmir tour package from jaipur (18) ; jaipur to kashmir train (17)
12,1,packages-from-city,/packages/from/amritsar,Kashmir Tour Packages from Amritsar,"Kashmir Tour Packages from Amritsar - Flights, Fares & Itineraries | Glitz Holidays",kashmir packages from amritsar,109,922,25,2.0,1200-1600,"Live round-trip airfare band Amritsar to SXR, and the carriers that actually fly it | Real flight duration, direct vs via DEL - this changes Day 1 completely | Train option from Amritsar: actual train names/numbers to Jammu Tawi plus the road leg | Three packages priced ex-Amritsar, land-only AND with-flight, per person twin-sharing | Day 1 itinerary written for the actual Amritsar arrival time, not a generic Day 1 | Best months to fly from Amritsar and when fares spike (school holidays, Eid, Christmas) | FAQ: cheapest month from Amritsar, baggage for snow gear, connecting-flight risk | Internal links to the three packages and /routes/amritsar-to-srinagar-flight",amritsar to kashmir by train (114) ; amritsar to kashmir flight (92) ; amritsar to srinagar by road (83) ; amritsar to katra (68) ; amritsar to kashmir (51) ; amritsar to kashmir by road (47) ; vaishno devi and amritsar tour package (28) ; katra to amritsar (28)
13,1,packages-from-city,/packages/from/nagpur,Kashmir Tour Packages from Nagpur,"Kashmir Tour Packages from Nagpur - Flights, Fares & Itineraries | Glitz Holidays",kashmir packages from nagpur,51,418,18,1.0,1200-1600,"Live round-trip airfare band Nagpur to SXR, and the carriers that actually fly it | Real flight duration, direct vs via DEL - this changes Day 1 completely | Train option from Nagpur: actual train names/numbers to Jammu Tawi plus the road leg | Three packages priced ex-Nagpur, land-only AND with-flight, per person twin-sharing | Day 1 itinerary written for the actual Nagpur arrival time, not a generic Day 1 | Best months to fly from Nagpur and when fares spike (school holidays, Eid, Christmas) | FAQ: cheapest month from Nagpur, baggage for snow gear, connecting-flight risk | Internal links to the three packages and /routes/nagpur-to-srinagar-flight",nagpur to kashmir (109) ; nagpur to kashmir flight (46) ; kashmir tour packages from nagpur (40) ; nagpur to kashmir by train (36) ; nagpur to srinagar (15) ; airfare from nagpur to srinagar (15) ; how to go kashmir from nagpur (15) ; nagpur se kashmir kaise jaen (14)
14,1,packages-from-city,/packages/from/indore,Kashmir Tour Packages from Indore,"Kashmir Tour Packages from Indore - Flights, Fares & Itineraries | Glitz Holidays",kashmir packages from indore,55,450,15,1.0,1200-1600,"Live round-trip airfare band Indore to SXR, and the carriers that actually fly it | Real flight duration, direct vs via DEL - this changes Day 1 completely | Train option from Indore: actual train names/numbers to Jammu Tawi plus the road leg | Three packages priced ex-Indore, land-only AND with-flight, per person twin-sharing | Day 1 itinerary written for the actual Indore arrival time, not a generic Day 1 | Best months to fly from Indore and when fares spike (school holidays, Eid, Christmas) | FAQ: cheapest month from Indore, baggage for snow gear, connecting-flight risk | Internal links to the three packages and /routes/indore-to-srinagar-flight",indore to kashmir (94) ; indore to kashmir flight (51) ; indore to vaishno devi tour package (40) ; indore to kashmir train (32) ; indore to srinagar flight (25) ; indore se kashmir kaise jaen (18) ; airfare from indore to srinagar (16) ; indore kashmir (16)
15,1,packages-from-city,/packages/from/kochi,Kashmir Tour Packages from Kochi,"Kashmir Tour Packages from Kochi - Flights, Fares & Itineraries | Glitz Holidays",kashmir packages from kochi,50,483,36,3.0,1200-1600,"Live round-trip airfare band Kochi to SXR, and the carriers that actually fly it | Real flight duration, direct vs via DEL - this changes Day 1 completely | Train option from Kochi: actual train names/numbers to Jammu Tawi plus the road leg | Three packages priced ex-Kochi, land-only AND with-flight, per person twin-sharing | Day 1 itinerary written for the actual Kochi arrival time, not a generic Day 1 | Best months to fly from Kochi and when fares spike (school holidays, Eid, Christmas) | FAQ: cheapest month from Kochi, baggage for snow gear, connecting-flight risk | Internal links to the three packages and /routes/kochi-to-srinagar-flight",kochi to kashmir flight (122) ; kochi to kashmir train (52) ; airfare from kochi to srinagar (43) ; ernakulam to kashmir train (39) ; kochi to kashmir (37) ; airfare to srinagar from kochi (20) ; kashmir tour packages from kochi (16) ; kashmir tour package from kochi (16)
16,1,packages-from-city,/packages/from/guwahati,Kashmir Tour Packages from Guwahati,"Kashmir Tour Packages from Guwahati - Flights, Fares & Itineraries | Glitz Holidays",kashmir packages from guwahati,39,310,19,1.5,1200-1600,"Live round-trip airfare band Guwahati to SXR, and the carriers that actually fly it | Real flight duration, direct vs via DEL - this changes Day 1 completely | Train option from Guwahati: actual train names/numbers to Jammu Tawi plus the road leg | Three packages priced ex-Guwahati, land-only AND with-flight, per person twin-sharing | Day 1 itinerary written for the actual Guwahati arrival time, not a generic Day 1 | Best months to fly from Guwahati and when fares spike (school holidays, Eid, Christmas) | FAQ: cheapest month from Guwahati, baggage for snow gear, connecting-flight risk | Internal links to the three packages and /routes/guwahati-to-srinagar-flight",guwahati to kashmir (84) ; guwahati to kashmir flight (81) ; guwahati to kashmir train (32) ; guwahati to kashmir trip (15) ; kashmir tour package from guwahati (9) ; how to go kashmir from guwahati (9) ; flight from guwahati to kashmir (9) ; guwahati to kashmir flight ticket price (9)
17,1,packages-from-city,/packages/from/patna,Kashmir Tour Packages from Patna,"Kashmir Tour Packages from Patna - Flights, Fares & Itineraries | Glitz Holidays",kashmir packages from patna,30,300,7,2.0,1200-1600,"Live round-trip airfare band Patna to SXR, and the carriers that actually fly it | Real flight duration, direct vs via DEL - this changes Day 1 completely | Train option from Patna: actual train names/numbers to Jammu Tawi plus the road leg | Three packages priced ex-Patna, land-only AND with-flight, per person twin-sharing | Day 1 itinerary written for the actual Patna arrival time, not a generic Day 1 | Best months to fly from Patna and when fares spike (school holidays, Eid, Christmas) | FAQ: cheapest month from Patna, baggage for snow gear, connecting-flight risk | Internal links to the three packages and /routes/patna-to-srinagar-flight",patna to kashmir (94) ; patna se jammu kashmir kaise jaen (35) ; patna se srinagar kaise jaye (32) ; patna to kashmir flight (22) ; patna to vaishno devi trip (18) ; airfare from patna to srinagar (15) ; patna se kashmir kaise jaen (15) ; patna to kashmir by train (10)
18,1,packages-from-city,/packages/from/dehradun,Kashmir Tour Packages from Dehradun,"Kashmir Tour Packages from Dehradun - Flights, Fares & Itineraries | Glitz Holidays",kashmir packages from dehradun,35,261,6,0.0,1200-1600,"Live round-trip airfare band Dehradun to SXR, and the carriers that actually fly it | Real flight duration, direct vs via DEL - this changes Day 1 completely | Train option from Dehradun: actual train names/numbers to Jammu Tawi plus the road leg | Three packages priced ex-Dehradun, land-only AND with-flight, per person twin-sharing | Day 1 itinerary written for the actual Dehradun arrival time, not a generic Day 1 | Best months to fly from Dehradun and when fares spike (school holidays, Eid, Christmas) | FAQ: cheapest month from Dehradun, baggage for snow gear, connecting-flight risk | Internal links to the three packages and /routes/dehradun-to-srinagar-flight",dehradun to kashmir flight (54) ; dehradun to kashmir (38) ; dehradun to srinagar (31) ; dehradun to srinagar uttarakhand (18) ; dehradun to kashmir by train (15) ; dehradun kashmir (15) ; dehradun to srinagar flight (11) ; dehradun se srinagar (10)
19,1,packages-from-city,/packages/from/varanasi,Kashmir Tour Packages from Varanasi,"Kashmir Tour Packages from Varanasi - Flights, Fares & Itineraries | Glitz Holidays",kashmir packages from varanasi,21,99,6,0.0,1200-1600,"Live round-trip airfare band Varanasi to SXR, and the carriers that actually fly it | Real flight duration, direct vs via DEL - this changes Day 1 completely | Train option from Varanasi: actual train names/numbers to Jammu Tawi plus the road leg | Three packages priced ex-Varanasi, land-only AND with-flight, per person twin-sharing | Day 1 itinerary written for the actual Varanasi arrival time, not a generic Day 1 | Best months to fly from Varanasi and when fares spike (school holidays, Eid, Christmas) | FAQ: cheapest month from Varanasi, baggage for snow gear, connecting-flight risk | Internal links to the three packages and /routes/varanasi-to-srinagar-flight",varanasi to kashmir flight (24) ; varanasi se kashmir kaise jaye (13) ; varanasi to kashmir (10) ; varanasi to kashmir by train (7) ; varanasi to jammu kashmir (7) ; vaishno devi tour package from varanasi (6) ; varanasi to kashmir train (5) ; varanasi to gulmarg (4)
20,1,packages-from-city,/packages/from/bhopal,Kashmir Tour Packages from Bhopal,"Kashmir Tour Packages from Bhopal - Flights, Fares & Itineraries | Glitz Holidays",kashmir packages from bhopal,25,161,3,0.0,1200-1600,"Live round-trip airfare band Bhopal to SXR, and the carriers that actually fly it | Real flight duration, direct vs via DEL - this changes Day 1 completely | Train option from Bhopal: actual train names/numbers to Jammu Tawi plus the road leg | Three packages priced ex-Bhopal, land-only AND with-flight, per person twin-sharing | Day 1 itinerary written for the actual Bhopal arrival time, not a generic Day 1 | Best months to fly from Bhopal and when fares spike (school holidays, Eid, Christmas) | FAQ: cheapest month from Bhopal, baggage for snow gear, connecting-flight risk | Internal links to the three packages and /routes/bhopal-to-srinagar-flight",bhopal to kashmir (62) ; bhopal to kashmir flight (24) ; bhopal to vaishno devi tour package (13) ; bhopal to srinagar kashmir train (11) ; bhopal to kashmir flight ticket price (9) ; airfare from bhopal to srinagar (6) ; bhopal to gulmarg (5) ; bhopal se kashmir kaise jaen (4)
21,1,packages-from-city,/packages/from/vadodara,Kashmir Tour Packages from Vadodara,"Kashmir Tour Packages from Vadodara - Flights, Fares & Itineraries | Glitz Holidays",kashmir packages from vadodara,25,120,11,0.0,1200-1600,"Live round-trip airfare band Vadodara to SXR, and the carriers that actually fly it | Real flight duration, direct vs via DEL - this changes Day 1 completely | Train option from Vadodara: actual train names/numbers to Jammu Tawi plus the road leg | Three packages priced ex-Vadodara, land-only AND with-flight, per person twin-sharing | Day 1 itinerary written for the actual Vadodara arrival time, not a generic Day 1 | Best months to fly from Vadodara and when fares spike (school holidays, Eid, Christmas) | FAQ: cheapest month from Vadodara, baggage for snow gear, connecting-flight risk | Internal links to the three packages and /routes/vadodara-to-srinagar-flight",vadodara to kashmir flight (25) ; kashmir tour package from vadodara (20) ; vaishno devi tour package from vadodara (11) ; airfare to srinagar from vadodara (9) ; vadodara to kashmir tour package (6) ; vadodara to vaishno devi tour package (6) ; vadodara to vaishno devi yatra (5) ; vadodara to kashmir (5)
22,1,packages-from-city,/packages/from/ludhiana,Kashmir Tour Packages from Ludhiana,"Kashmir Tour Packages from Ludhiana - Flights, Fares & Itineraries | Glitz Holidays",kashmir packages from ludhiana,26,241,2,0.0,1200-1600,"Live round-trip airfare band Ludhiana to SXR, and the carriers that actually fly it | Real flight duration, direct vs via DEL - this changes Day 1 completely | Train option from Ludhiana: actual train names/numbers to Jammu Tawi plus the road leg | Three packages priced ex-Ludhiana, land-only AND with-flight, per person twin-sharing | Day 1 itinerary written for the actual Ludhiana arrival time, not a generic Day 1 | Best months to fly from Ludhiana and when fares spike (school holidays, Eid, Christmas) | FAQ: cheapest month from Ludhiana, baggage for snow gear, connecting-flight risk | Internal links to the three packages and /routes/ludhiana-to-srinagar-flight",ludhiana to kashmir by train (114) ; ludhiana to srinagar by road (25) ; ludhiana to kashmir by road (22) ; ludhiana to kashmir (19) ; ludhiana to kashmir flight (12) ; ludhiana to srinagar (10) ; ludhiana se kashmir kaise jaen (6) ; ludhiana to jammu by road (5)
23,1,packages-from-city,/packages/from/jalandhar,Kashmir Tour Packages from Jalandhar,"Kashmir Tour Packages from Jalandhar - Flights, Fares & Itineraries | Glitz Holidays",kashmir packages from jalandhar,20,133,2,0.0,1200-1600,"Live round-trip airfare band Jalandhar to SXR, and the carriers that actually fly it | Real flight duration, direct vs via DEL - this changes Day 1 completely | Train option from Jalandhar: actual train names/numbers to Jammu Tawi plus the road leg | Three packages priced ex-Jalandhar, land-only AND with-flight, per person twin-sharing | Day 1 itinerary written for the actual Jalandhar arrival time, not a generic Day 1 | Best months to fly from Jalandhar and when fares spike (school holidays, Eid, Christmas) | FAQ: cheapest month from Jalandhar, baggage for snow gear, connecting-flight risk | Internal links to the three packages and /routes/jalandhar-to-srinagar-flight",jalandhar to srinagar by road (59) ; jalandhar to srinagar (13) ; jalandhar to kashmir (12) ; jalandhar to kashmir by train (9) ; jalandhar to kashmir train (8) ; jalandhar to srinagar by train (7) ; jalandhar to gulmarg (7) ; jalandhar to kashmir by road (3)
24,1,packages-from-city,/packages/from/kanpur,Kashmir Tour Packages from Kanpur,"Kashmir Tour Packages from Kanpur - Flights, Fares & Itineraries | Glitz Holidays",kashmir packages from kanpur,25,217,6,0.0,1200-1600,"Live round-trip airfare band Kanpur to SXR, and the carriers that actually fly it | Real flight duration, direct vs via DEL - this changes Day 1 completely | Train option from Kanpur: actual train names/numbers to Jammu Tawi plus the road leg | Three packages priced ex-Kanpur, land-only AND with-flight, per person twin-sharing | Day 1 itinerary written for the actual Kanpur arrival time, not a generic Day 1 | Best months to fly from Kanpur and when fares spike (school holidays, Eid, Christmas) | FAQ: cheapest month from Kanpur, baggage for snow gear, connecting-flight risk | Internal links to the three packages and /routes/kanpur-to-srinagar-flight",kanpur to kashmir by train (80) ; kanpur se kashmir kaise jaen (41) ; kanpur to kashmir (22) ; kanpur to kashmir flight (18) ; vaishno devi tour package from kanpur (10) ; kanpur se kashmir (7) ; kanpur to vaishno devi trip (5) ; kanpur to srinagar (4)
25,1,packages-from-city,/packages/from/agra,Kashmir Tour Packages from Agra,"Kashmir Tour Packages from Agra - Flights, Fares & Itineraries | Glitz Holidays",kashmir packages from agra,34,230,11,0.0,1200-1600,"Live round-trip airfare band Agra to SXR, and the carriers that actually fly it | Real flight duration, direct vs via DEL - this changes Day 1 completely | Train option from Agra: actual train names/numbers to Jammu Tawi plus the road leg | Three packages priced ex-Agra, land-only AND with-flight, per person twin-sharing | Day 1 itinerary written for the actual Agra arrival time, not a generic Day 1 | Best months to fly from Agra and when fares spike (school holidays, Eid, Christmas) | FAQ: cheapest month from Agra, baggage for snow gear, connecting-flight risk | Internal links to the three packages and /routes/agra-to-srinagar-flight",agra to kashmir by train (89) ; agra to kashmir (28) ; agra to srinagar (18) ; agra se kashmir kaise jaen (16) ; agra to kashmir flight (12) ; agra to jammu flight (10) ; agra kashmir (8) ; jammu to delhi jammu to agra (6)
26,1,packages-from-city,/packages/from/jodhpur,Kashmir Tour Packages from Jodhpur,"Kashmir Tour Packages from Jodhpur - Flights, Fares & Itineraries | Glitz Holidays",kashmir packages from jodhpur,18,84,3,0.0,1200-1600,"Live round-trip airfare band Jodhpur to SXR, and the carriers that actually fly it | Real flight duration, direct vs via DEL - this changes Day 1 completely | Train option from Jodhpur: actual train names/numbers to Jammu Tawi plus the road leg | Three packages priced ex-Jodhpur, land-only AND with-flight, per person twin-sharing | Day 1 itinerary written for the actual Jodhpur arrival time, not a generic Day 1 | Best months to fly from Jodhpur and when fares spike (school holidays, Eid, Christmas) | FAQ: cheapest month from Jodhpur, baggage for snow gear, connecting-flight risk | Internal links to the three packages and /routes/jodhpur-to-srinagar-flight",jodhpur to kashmir train (13) ; jodhpur to kashmir (13) ; jodhpur to kashmir flight (10) ; kashmir tour package from jodhpur (8) ; jodhpur to srinagar (7) ; jodhpur to kashmir tour package (5) ; jodhpur kashmir (5) ; airfare from jodhpur to srinagar (4)
27,1,packages-from-city,/packages/from/udaipur,Kashmir Tour Packages from Udaipur,"Kashmir Tour Packages from Udaipur - Flights, Fares & Itineraries | Glitz Holidays",kashmir packages from udaipur,9,72,4,1.0,1200-1600,"Live round-trip airfare band Udaipur to SXR, and the carriers that actually fly it | Real flight duration, direct vs via DEL - this changes Day 1 completely | Train option from Udaipur: actual train names/numbers to Jammu Tawi plus the road leg | Three packages priced ex-Udaipur, land-only AND with-flight, per person twin-sharing | Day 1 itinerary written for the actual Udaipur arrival time, not a generic Day 1 | Best months to fly from Udaipur and when fares spike (school holidays, Eid, Christmas) | FAQ: cheapest month from Udaipur, baggage for snow gear, connecting-flight risk | Internal links to the three packages and /routes/udaipur-to-srinagar-flight",udaipur to kashmir (31) ; udaipur to kashmir train (14) ; udaipur to kashmir flight (12) ; udaipur to vaishno devi tour (5) ; udaipur se kashmir kaise jaen (4) ; udaipur kashmir (3) ; udaipur to kashmir flight ticket price (1) ; udaipur to srinagar (1)
28,1,packages-from-city,/packages/from/raipur,Kashmir Tour Packages from Raipur,"Kashmir Tour Packages from Raipur - Flights, Fares & Itineraries | Glitz Holidays",kashmir packages from raipur,20,66,2,0.0,1200-1600,"Live round-trip airfare band Raipur to SXR, and the carriers that actually fly it | Real flight duration, direct vs via DEL - this changes Day 1 completely | Train option from Raipur: actual train names/numbers to Jammu Tawi plus the road leg | Three packages priced ex-Raipur, land-only AND with-flight, per person twin-sharing | Day 1 itinerary written for the actual Raipur arrival time, not a generic Day 1 | Best months to fly from Raipur and when fares spike (school holidays, Eid, Christmas) | FAQ: cheapest month from Raipur, baggage for snow gear, connecting-flight risk | Internal links to the three packages and /routes/raipur-to-srinagar-flight",raipur to kashmir flight (31) ; raipur to vaishno devi trip (6) ; raipur to kashmir (4) ; raipur se kashmir kaise jaen (3) ; flight from raipur to kashmir (3) ; how to go kashmir from raipur (2) ; raipur to kashmir flight ticket (2) ; raipur to ladakh bike trip (2)
29,1,packages-from-city,/packages/from/ranchi,Kashmir Tour Packages from Ranchi,"Kashmir Tour Packages from Ranchi - Flights, Fares & Itineraries | Glitz Holidays",kashmir packages from ranchi,15,64,2,0.0,1200-1600,"Live round-trip airfare band Ranchi to SXR, and the carriers that actually fly it | Real flight duration, direct vs via DEL - this changes Day 1 completely | Train option from Ranchi: actual train names/numbers to Jammu Tawi plus the road leg | Three packages priced ex-Ranchi, land-only AND with-flight, per person twin-sharing | Day 1 itinerary written for the actual Ranchi arrival time, not a generic Day 1 | Best months to fly from Ranchi and when fares spike (school holidays, Eid, Christmas) | FAQ: cheapest month from Ranchi, baggage for snow gear, connecting-flight risk | Internal links to the three packages and /routes/ranchi-to-srinagar-flight",ranchi to kashmir flight (20) ; ranchi to kashmir (17) ; ranchi to srinagar train (6) ; ranchi to kashmir flight ticket price (4) ; ranchi se kashmir kaise jaye (3) ; ranchi to kashmir tour package (2) ; ranchi to kashmir flight price (2) ; ranchi to gulmarg (2)
30,1,packages-from-city,/packages/from/coimbatore,Kashmir Tour Packages from Coimbatore,"Kashmir Tour Packages from Coimbatore - Flights, Fares & Itineraries | Glitz Holidays",kashmir packages from coimbatore,14,70,3,1.0,1200-1600,"Live round-trip airfare band Coimbatore to SXR, and the carriers that actually fly it | Real flight duration, direct vs via DEL - this changes Day 1 completely | Train option from Coimbatore: actual train names/numbers to Jammu Tawi plus the road leg | Three packages priced ex-Coimbatore, land-only AND with-flight, per person twin-sharing | Day 1 itinerary written for the actual Coimbatore arrival time, not a generic Day 1 | Best months to fly from Coimbatore and when fares spike (school holidays, Eid, Christmas) | FAQ: cheapest month from Coimbatore, baggage for snow gear, connecting-flight risk | Internal links to the three packages and /routes/coimbatore-to-srinagar-flight",coimbatore to kashmir flight (21) ; kashmir tour packages from coimbatore (11) ; coimbatore to kashmir (11) ; coimbatore to kashmir tour packages (8) ; airfare from coimbatore to srinagar (5) ; coimbatore to kashmir flight ticket price (5) ; coimbatore to kashmir flight travel time (2) ; kashmir tour package from coimbatore (1)
31,1,packages-from-city,/packages/from/trivandrum,Kashmir Tour Packages from Trivandrum,"Kashmir Tour Packages from Trivandrum - Flights, Fares & Itineraries | Glitz Holidays",kashmir packages from trivandrum,23,139,6,1.0,1200-1600,"Live round-trip airfare band Trivandrum to SXR, and the carriers that actually fly it | Real flight duration, direct vs via DEL - this changes Day 1 completely | Train option from Trivandrum: actual train names/numbers to Jammu Tawi plus the road leg | Three packages priced ex-Trivandrum, land-only AND with-flight, per person twin-sharing | Day 1 itinerary written for the actual Trivandrum arrival time, not a generic Day 1 | Best months to fly from Trivandrum and when fares spike (school holidays, Eid, Christmas) | FAQ: cheapest month from Trivandrum, baggage for snow gear, connecting-flight risk | Internal links to the three packages and /routes/trivandrum-to-srinagar-flight",trivandrum to kashmir flight (29) ; trivandrum to kashmir (28) ; kashmir tour package from trivandrum (16) ; thiruvananthapuram to kashmir (9) ; trivandrum to kashmir train (7) ; trivandrum to kashmir flight ticket price (7) ; trivandrum to jammu kashmir (7) ; airfare from thiruvananthapuram to srinagar (6)
32,1,packages-from-city,/packages/from/calicut,Kashmir Tour Packages from Calicut,"Kashmir Tour Packages from Calicut - Flights, Fares & Itineraries | Glitz Holidays",kashmir packages from calicut,23,149,5,0.0,1200-1600,"Live round-trip airfare band Calicut to SXR, and the carriers that actually fly it | Real flight duration, direct vs via DEL - this changes Day 1 completely | Train option from Calicut: actual train names/numbers to Jammu Tawi plus the road leg | Three packages priced ex-Calicut, land-only AND with-flight, per person twin-sharing | Day 1 itinerary written for the actual Calicut arrival time, not a generic Day 1 | Best months to fly from Calicut and when fares spike (school holidays, Eid, Christmas) | FAQ: cheapest month from Calicut, baggage for snow gear, connecting-flight risk | Internal links to the three packages and /routes/calicut-to-srinagar-flight",calicut to kashmir flight (21) ; calicut to kashmir train (20) ; calicut to kashmir (20) ; kozhikode to kashmir (14) ; mini kashmir kozhikode (12) ; kozhikode to kashmir flight (10) ; kashmir tour package from calicut (9) ; airfare to srinagar from kozhikode (8)
33,1,packages-from-city,/packages/from/mangalore,Kashmir Tour Packages from Mangalore,"Kashmir Tour Packages from Mangalore - Flights, Fares & Itineraries | Glitz Holidays",kashmir packages from mangalore,12,43,2,0.5,1200-1600,"Live round-trip airfare band Mangalore to SXR, and the carriers that actually fly it | Real flight duration, direct vs via DEL - this changes Day 1 completely | Train option from Mangalore: actual train names/numbers to Jammu Tawi plus the road leg | Three packages priced ex-Mangalore, land-only AND with-flight, per person twin-sharing | Day 1 itinerary written for the actual Mangalore arrival time, not a generic Day 1 | Best months to fly from Mangalore and when fares spike (school holidays, Eid, Christmas) | FAQ: cheapest month from Mangalore, baggage for snow gear, connecting-flight risk | Internal links to the three packages and /routes/mangalore-to-srinagar-flight",mangalore to kashmir (11) ; mangalore to kashmir train (10) ; mangalore to kashmir flight (8) ; mangalore to kashmir tour package (3) ; kashmir tour packages from mangalore (2) ; mangalore to srinagar flight (2) ; mangalore to kashmir flight ticket price (2) ; mangalore to kashmir flight price (1)
34,1,packages-from-city,/packages/from/mysore,Kashmir Tour Packages from Mysore,"Kashmir Tour Packages from Mysore - Flights, Fares & Itineraries | Glitz Holidays",kashmir packages from mysore,6,22,2,0.0,1200-1600,"Live round-trip airfare band Mysore to SXR, and the carriers that actually fly it | Real flight duration, direct vs via DEL - this changes Day 1 completely | Train option from Mysore: actual train names/numbers to Jammu Tawi plus the road leg | Three packages priced ex-Mysore, land-only AND with-flight, per person twin-sharing | Day 1 itinerary written for the actual Mysore arrival time, not a generic Day 1 | Best months to fly from Mysore and when fares spike (school holidays, Eid, Christmas) | FAQ: cheapest month from Mysore, baggage for snow gear, connecting-flight risk | Internal links to the three packages and /routes/mysore-to-srinagar-flight",mysore to kashmir train (12) ; mysore to kashmir (4) ; mysore to kashmir flight (3) ; mysore to jammu kashmir (1) ; mysore to srinagar flight (1) ; mysore to kashmir flight ticket price (1)
35,1,packages-from-city,/packages/from/nashik,Kashmir Tour Packages from Nashik,"Kashmir Tour Packages from Nashik - Flights, Fares & Itineraries | Glitz Holidays",kashmir packages from nashik,11,34,2,0.0,1200-1600,"Live round-trip airfare band Nashik to SXR, and the carriers that actually fly it | Real flight duration, direct vs via DEL - this changes Day 1 completely | Train option from Nashik: actual train names/numbers to Jammu Tawi plus the road leg | Three packages priced ex-Nashik, land-only AND with-flight, per person twin-sharing | Day 1 itinerary written for the actual Nashik arrival time, not a generic Day 1 | Best months to fly from Nashik and when fares spike (school holidays, Eid, Christmas) | FAQ: cheapest month from Nashik, baggage for snow gear, connecting-flight risk | Internal links to the three packages and /routes/nashik-to-srinagar-flight",nashik to kashmir flight (10) ; nashik to kashmir flight ticket price (4) ; vaishno devi tour package from nashik (4) ; kashmir tour packages from nashik (4) ; nashik to kashmir by train (3) ; nashik to jammu kashmir flight ticket price (2) ; mini kashmir in nashik (2) ; nashik to kashmir train (2)
36,1,packages-from-city,/packages/from/aurangabad,Kashmir Tour Packages from Aurangabad,"Kashmir Tour Packages from Aurangabad - Flights, Fares & Itineraries | Glitz Holidays",kashmir packages from aurangabad,10,49,2,0.0,1200-1600,"Live round-trip airfare band Aurangabad to SXR, and the carriers that actually fly it | Real flight duration, direct vs via DEL - this changes Day 1 completely | Train option from Aurangabad: actual train names/numbers to Jammu Tawi plus the road leg | Three packages priced ex-Aurangabad, land-only AND with-flight, per person twin-sharing | Day 1 itinerary written for the actual Aurangabad arrival time, not a generic Day 1 | Best months to fly from Aurangabad and when fares spike (school holidays, Eid, Christmas) | FAQ: cheapest month from Aurangabad, baggage for snow gear, connecting-flight risk | Internal links to the three packages and /routes/aurangabad-to-srinagar-flight",aurangabad to kashmir flight (32) ; aurangabad to jammu kashmir (4) ; aurangabad to kashmir flight ticket price (4) ; aurangabad to kashmir tour package (2) ; aurangabad to kashmir (2) ; kashmir tour packages from aurangabad (1) ; aurangabad to srinagar train ticket price (1) ; aurangabad kashmir (1)
37,1,packages-from-city,/packages/from/rajkot,Kashmir Tour Packages from Rajkot,"Kashmir Tour Packages from Rajkot - Flights, Fares & Itineraries | Glitz Holidays",kashmir packages from rajkot,11,30,1,0.0,1200-1600,"Live round-trip airfare band Rajkot to SXR, and the carriers that actually fly it | Real flight duration, direct vs via DEL - this changes Day 1 completely | Train option from Rajkot: actual train names/numbers to Jammu Tawi plus the road leg | Three packages priced ex-Rajkot, land-only AND with-flight, per person twin-sharing | Day 1 itinerary written for the actual Rajkot arrival time, not a generic Day 1 | Best months to fly from Rajkot and when fares spike (school holidays, Eid, Christmas) | FAQ: cheapest month from Rajkot, baggage for snow gear, connecting-flight risk | Internal links to the three packages and /routes/rajkot-to-srinagar-flight",rajkot to kashmir flight (9) ; rajkot to kashmir tour package (5) ; kashmir tour package from rajkot (5) ; rajkot to kashmir train (2) ; rajkot to srinagar (2) ; rajkot to kashmir (2) ; rajkot to kashmir train price (1) ; rajkot to jammu kashmir train (1)
38,1,packages-from-city,/packages/from/siliguri,Kashmir Tour Packages from Siliguri,"Kashmir Tour Packages from Siliguri - Flights, Fares & Itineraries | Glitz Holidays",kashmir packages from siliguri,8,30,1,0.0,1200-1600,"Live round-trip airfare band Siliguri to SXR, and the carriers that actually fly it | Real flight duration, direct vs via DEL - this changes Day 1 completely | Train option from Siliguri: actual train names/numbers to Jammu Tawi plus the road leg | Three packages priced ex-Siliguri, land-only AND with-flight, per person twin-sharing | Day 1 itinerary written for the actual Siliguri arrival time, not a generic Day 1 | Best months to fly from Siliguri and when fares spike (school holidays, Eid, Christmas) | FAQ: cheapest month from Siliguri, baggage for snow gear, connecting-flight risk | Internal links to the three packages and /routes/siliguri-to-srinagar-flight",siliguri to kashmir (10) ; siliguri to kashmir tour (6) ; kashmir tour package from siliguri (4) ; siliguri to kashmir flight (4) ; siliguri to kashmir flight price (3) ; siliguri to jammu kashmir train (1) ; siliguri to kashmir train (1) ; siliguri to jammu kashmir (1)
39,1,packages-from-city,/packages/from/gwalior,Kashmir Tour Packages from Gwalior,"Kashmir Tour Packages from Gwalior - Flights, Fares & Itineraries | Glitz Holidays",kashmir packages from gwalior,6,22,1,0.0,1200-1600,"Live round-trip airfare band Gwalior to SXR, and the carriers that actually fly it | Real flight duration, direct vs via DEL - this changes Day 1 completely | Train option from Gwalior: actual train names/numbers to Jammu Tawi plus the road leg | Three packages priced ex-Gwalior, land-only AND with-flight, per person twin-sharing | Day 1 itinerary written for the actual Gwalior arrival time, not a generic Day 1 | Best months to fly from Gwalior and when fares spike (school holidays, Eid, Christmas) | FAQ: cheapest month from Gwalior, baggage for snow gear, connecting-flight risk | Internal links to the three packages and /routes/gwalior-to-srinagar-flight",gwalior to jammu kashmir (8) ; gwalior to kashmir flight (6) ; gwalior to gulmarg (3) ; gwalior to kashmir train (2) ; gwalior to kashmir (2) ; flight from gwalior to srinagar (1)
40,1,packages-from-city,/packages/from/jabalpur,Kashmir Tour Packages from Jabalpur,"Kashmir Tour Packages from Jabalpur - Flights, Fares & Itineraries | Glitz Holidays",kashmir packages from jabalpur,5,17,0,0.0,1200-1600,"Live round-trip airfare band Jabalpur to SXR, and the carriers that actually fly it | Real flight duration, direct vs via DEL - this changes Day 1 completely | Train option from Jabalpur: actual train names/numbers to Jammu Tawi plus the road leg | Three packages priced ex-Jabalpur, land-only AND with-flight, per person twin-sharing | Day 1 itinerary written for the actual Jabalpur arrival time, not a generic Day 1 | Best months to fly from Jabalpur and when fares spike (school holidays, Eid, Christmas) | FAQ: cheapest month from Jabalpur, baggage for snow gear, connecting-flight risk | Internal links to the three packages and /routes/jabalpur-to-srinagar-flight",jabalpur to kashmir flight (9) ; jabalpur to kashmir (4) ; jabalpur to jammu kashmir (2) ; jabalpur to kashmir trip (1) ; jabalpur to srinagar flight (1)
41,1,packages-from-city,/packages/from/allahabad,Kashmir Tour Packages from Allahabad,"Kashmir Tour Packages from Allahabad - Flights, Fares & Itineraries | Glitz Holidays",kashmir packages from allahabad,11,40,5,0.0,1200-1600,"Live round-trip airfare band Allahabad to SXR, and the carriers that actually fly it | Real flight duration, direct vs via DEL - this changes Day 1 completely | Train option from Allahabad: actual train names/numbers to Jammu Tawi plus the road leg | Three packages priced ex-Allahabad, land-only AND with-flight, per person twin-sharing | Day 1 itinerary written for the actual Allahabad arrival time, not a generic Day 1 | Best months to fly from Allahabad and when fares spike (school holidays, Eid, Christmas) | FAQ: cheapest month from Allahabad, baggage for snow gear, connecting-flight risk | Internal links to the three packages and /routes/allahabad-to-srinagar-flight",allahabad to kashmir (15) ; prayagraj to kashmir (6) ; allahabad to kashmir flight (6) ; prayagraj se kashmir kaise jaen (3) ; prayagraj to jammu kashmir (2) ; prayagraj to jammu (2) ; allahabad to srinagar train (2) ; prayagraj to kashmir flight (1)
42,1,packages-from-city,/packages/from/meerut,Kashmir Tour Packages from Meerut,"Kashmir Tour Packages from Meerut - Flights, Fares & Itineraries | Glitz Holidays",kashmir packages from meerut,7,40,0,0.0,1200-1600,"Live round-trip airfare band Meerut to SXR, and the carriers that actually fly it | Real flight duration, direct vs via DEL - this changes Day 1 completely | Train option from Meerut: actual train names/numbers to Jammu Tawi plus the road leg | Three packages priced ex-Meerut, land-only AND with-flight, per person twin-sharing | Day 1 itinerary written for the actual Meerut arrival time, not a generic Day 1 | Best months to fly from Meerut and when fares spike (school holidays, Eid, Christmas) | FAQ: cheapest month from Meerut, baggage for snow gear, connecting-flight risk | Internal links to the three packages and /routes/meerut-to-srinagar-flight",meerut to kashmir (16) ; meerut se kashmir kaise jaye (11) ; meerut to srinagar (5) ; meerut to kashmir train (3) ; meerut to jammu kashmir (2) ; meerut to kashmir by train (2) ; vaishno devi tour package from meerut (1)
43,1,packages-from-city,/packages/from/noida,Kashmir Tour Packages from Noida,"Kashmir Tour Packages from Noida - Flights, Fares & Itineraries | Glitz Holidays",kashmir packages from noida,8,19,0,0.0,1200-1600,"Live round-trip airfare band Noida to SXR, and the carriers that actually fly it | Real flight duration, direct vs via DEL - this changes Day 1 completely | Train option from Noida: actual train names/numbers to Jammu Tawi plus the road leg | Three packages priced ex-Noida, land-only AND with-flight, per person twin-sharing | Day 1 itinerary written for the actual Noida arrival time, not a generic Day 1 | Best months to fly from Noida and when fares spike (school holidays, Eid, Christmas) | FAQ: cheapest month from Noida, baggage for snow gear, connecting-flight risk | Internal links to the three packages and /routes/noida-to-srinagar-flight",noida to kashmir (9) ; noida to srinagar by road (4) ; noida to kashmir train (1) ; noida ka kashmir (1) ; noida to srinagar (1) ; greater noida to kashmir (1) ; noida to gulmarg (1) ; noida to kashmir by road (1)
44,1,packages-from-city,/packages/from/gurgaon,Kashmir Tour Packages from Gurgaon,"Kashmir Tour Packages from Gurgaon - Flights, Fares & Itineraries | Glitz Holidays",kashmir packages from gurgaon,11,36,0,0.0,1200-1600,"Live round-trip airfare band Gurgaon to SXR, and the carriers that actually fly it | Real flight duration, direct vs via DEL - this changes Day 1 completely | Train option from Gurgaon: actual train names/numbers to Jammu Tawi plus the road leg | Three packages priced ex-Gurgaon, land-only AND with-flight, per person twin-sharing | Day 1 itinerary written for the actual Gurgaon arrival time, not a generic Day 1 | Best months to fly from Gurgaon and when fares spike (school holidays, Eid, Christmas) | FAQ: cheapest month from Gurgaon, baggage for snow gear, connecting-flight risk | Internal links to the three packages and /routes/gurgaon-to-srinagar-flight",gurgaon to srinagar (8) ; gurgaon to kashmir (6) ; gurgaon to srinagar by road (5) ; gurgaon to kashmir flight (4) ; gurugram to kashmir (3) ; gurgaon to kashmir train (3) ; gurgaon to kashmir by road (2) ; gurgaon to gulmarg (2)
45,1,packages-from-city,/packages/from/madurai,Kashmir Tour Packages from Madurai,"Kashmir Tour Packages from Madurai - Flights, Fares & Itineraries | Glitz Holidays",kashmir packages from madurai,7,23,2,0.0,1200-1600,"Live round-trip airfare band Madurai to SXR, and the carriers that actually fly it | Real flight duration, direct vs via DEL - this changes Day 1 completely | Train option from Madurai: actual train names/numbers to Jammu Tawi plus the road leg | Three packages priced ex-Madurai, land-only AND with-flight, per person twin-sharing | Day 1 itinerary written for the actual Madurai arrival time, not a generic Day 1 | Best months to fly from Madurai and when fares spike (school holidays, Eid, Christmas) | FAQ: cheapest month from Madurai, baggage for snow gear, connecting-flight risk | Internal links to the three packages and /routes/madurai-to-srinagar-flight",madurai to kashmir flight (8) ; madurai to kashmir train (5) ; madurai to kashmir flight ticket price (4) ; madurai to kashmir (3) ; madurai to srinagar flight (1) ; madurai to srinagar (1) ; madurai to kashmir train ticket price (1)
46,1,packages-from-city,/packages/from/vijayawada,Kashmir Tour Packages from Vijayawada,"Kashmir Tour Packages from Vijayawada - Flights, Fares & Itineraries | Glitz Holidays",kashmir packages from vijayawada,5,18,1,0.0,1200-1600,"Live round-trip airfare band Vijayawada to SXR, and the carriers that actually fly it | Real flight duration, direct vs via DEL - this changes Day 1 completely | Train option from Vijayawada: actual train names/numbers to Jammu Tawi plus the road leg | Three packages priced ex-Vijayawada, land-only AND with-flight, per person twin-sharing | Day 1 itinerary written for the actual Vijayawada arrival time, not a generic Day 1 | Best months to fly from Vijayawada and when fares spike (school holidays, Eid, Christmas) | FAQ: cheapest month from Vijayawada, baggage for snow gear, connecting-flight risk | Internal links to the three packages and /routes/vijayawada-to-srinagar-flight",vijayawada to kashmir (12) ; vijayawada to kashmir flight ticket price (2) ; vijayawada to kashmir flight (2) ; vijayawada to jammu kashmir trains (1) ; vijayawada to jammu kashmir (1)
47,1,packages-from-city,/packages/from/visakhapatnam,Kashmir Tour Packages from Visakhapatnam,"Kashmir Tour Packages from Visakhapatnam - Flights, Fares & Itineraries | Glitz Holidays",kashmir packages from visakhapatnam,13,46,2,0.0,1200-1600,"Live round-trip airfare band Visakhapatnam to SXR, and the carriers that actually fly it | Real flight duration, direct vs via DEL - this changes Day 1 completely | Train option from Visakhapatnam: actual train names/numbers to Jammu Tawi plus the road leg | Three packages priced ex-Visakhapatnam, land-only AND with-flight, per person twin-sharing | Day 1 itinerary written for the actual Visakhapatnam arrival time, not a generic Day 1 | Best months to fly from Visakhapatnam and when fares spike (school holidays, Eid, Christmas) | FAQ: cheapest month from Visakhapatnam, baggage for snow gear, connecting-flight risk | Internal links to the three packages and /routes/visakhapatnam-to-srinagar-flight",vizag to kashmir (10) ; visakhapatnam to kashmir (9) ; vizag to kashmir flight ticket price (5) ; airfare from visakhapatnam to srinagar (4) ; airfare to srinagar from visakhapatnam (4) ; vizag to srinagar (3) ; vizag to jammu kashmir trains (2) ; vizag to ladakh bike trip telugu (2)
48,2,honeymoon-hub,/travel-styles/honeymoon,Kashmir Honeymoon Packages,"Kashmir Honeymoon Packages 2026 - Prices, Itineraries & Real Couples | Glitz Holidays",kashmir honeymoon packages,2509,38704,1806,134.2,1800-2200,"Rewrite the existing style page as the honeymoon pillar - it must own the head term | Price table: 4N/5N/6N honeymoon variants, per couple AND per person | What is actually different vs a normal package: private shikara, candlelit dinner, room category, decor | Month-by-month honeymoon table - Dec snow vs Apr tulips vs Jul escape | Real couple photos plus the GBP reviews filtered to honeymoon | Links down to every /packages/honeymoon/* and /packages/from/* page",kashmir honeymoon packages (4011) ; kashmir honeymoon package (1172) ; kashmir honeymoon places (1082) ; honeymoon ke liye sabse achi jagah (796) ; kashmir honeymoon trip (789) ; honeymoon packages from delhi (668) ; honeymoon packages from hyderabad (508) ; honeymoon packages from mumbai (492)
49,2,honeymoon-from-city,/packages/kashmir-honeymoon-packages-from-delhi,Kashmir Honeymoon Packages from Delhi,Kashmir Honeymoon Packages from Delhi - All-Inclusive Couple Trips | Glitz Holidays,honeymoon packages from delhi,76,1626,144,10.0,1000-1400,"All-inclusive couple price ex-Delhi including flights - the intent is one number | Flight timing from Delhi and how it shapes Day 1 (houseboat vs hotel first night) | 5N/6N couple itinerary with private transfers throughout | Honeymoon inclusions stated plainly - decor, cake, candlelit dinner, shikara | FAQ: best month from Delhi, ID for couples, privacy on houseboats",honeymoon packages from delhi (668) ; kashmir honeymoon packages from delhi (181) ; honeymoon packages delhi (156) ; delhi to kashmir honeymoon package (63) ; delhi honeymoon package (57) ; cheapest honeymoon packages from delhi (51) ; honeymoon tour packages from delhi (37) ; delhi to srinagar honeymoon package (34)
50,2,honeymoon-from-city,/packages/honeymoon/from-mumbai,Kashmir Honeymoon Packages from Mumbai,Kashmir Honeymoon Packages from Mumbai - All-Inclusive Couple Trips | Glitz Holidays,honeymoon packages from mumbai,49,997,71,2.0,1000-1400,"All-inclusive couple price ex-Mumbai including flights - the intent is one number | Flight timing from Mumbai and how it shapes Day 1 (houseboat vs hotel first night) | 5N/6N couple itinerary with private transfers throughout | Honeymoon inclusions stated plainly - decor, cake, candlelit dinner, shikara | FAQ: best month from Mumbai, ID for couples, privacy on houseboats",honeymoon packages from mumbai (492) ; best honeymoon packages from mumbai (59) ; cheapest honeymoon packages from mumbai (54) ; kashmir honeymoon packages from mumbai (46) ; honeymoon tour packages from mumbai (45) ; honeymoon places near mumbai (28) ; kashmir packages from mumbai for couples (24) ; mumbai honeymoon places (23)
51,2,honeymoon-from-city,/packages/honeymoon/from-bangalore,Kashmir Honeymoon Packages from Bangalore,Kashmir Honeymoon Packages from Bangalore - All-Inclusive Couple Trips | Glitz Holidays,honeymoon packages from bangalore,50,805,61,4.0,1000-1400,"All-inclusive couple price ex-Bangalore including flights - the intent is one number | Flight timing from Bangalore and how it shapes Day 1 (houseboat vs hotel first night) | 5N/6N couple itinerary with private transfers throughout | Honeymoon inclusions stated plainly - decor, cake, candlelit dinner, shikara | FAQ: best month from Bangalore, ID for couples, privacy on houseboats",honeymoon packages from bangalore (334) ; honeymoon package from bangalore (81) ; kashmir honeymoon packages from bangalore (62) ; honeymoon packages bangalore (54) ; honeymoon tour packages from bangalore (33) ; honeymoon places near bangalore (25) ; best honeymoon packages from bangalore (20) ; honeymoon places in bangalore (20)
52,2,honeymoon-from-city,/packages/kashmir-honeymoon-packages-from-hyderabad,Kashmir Honeymoon Packages from Hyderabad,Kashmir Honeymoon Packages from Hyderabad - All-Inclusive Couple Trips | Glitz Holidays,honeymoon packages from hyderabad,39,1148,86,3.0,1000-1400,"All-inclusive couple price ex-Hyderabad including flights - the intent is one number | Flight timing from Hyderabad and how it shapes Day 1 (houseboat vs hotel first night) | 5N/6N couple itinerary with private transfers throughout | Honeymoon inclusions stated plainly - decor, cake, candlelit dinner, shikara | FAQ: best month from Hyderabad, ID for couples, privacy on houseboats",honeymoon packages from hyderabad (508) ; honeymoon packages hyderabad (92) ; honeymoon places near hyderabad (85) ; honeymoon places in hyderabad (81) ; best honeymoon places in hyderabad (62) ; hyderabad honeymoon places (50) ; best honeymoon packages from hyderabad (34) ; best place for honeymoon in hyderabad (32)
53,2,honeymoon-from-city,/packages/honeymoon/from-chennai,Kashmir Honeymoon Packages from Chennai,Kashmir Honeymoon Packages from Chennai - All-Inclusive Couple Trips | Glitz Holidays,honeymoon packages from chennai,35,654,54,3.0,1000-1400,"All-inclusive couple price ex-Chennai including flights - the intent is one number | Flight timing from Chennai and how it shapes Day 1 (houseboat vs hotel first night) | 5N/6N couple itinerary with private transfers throughout | Honeymoon inclusions stated plainly - decor, cake, candlelit dinner, shikara | FAQ: best month from Chennai, ID for couples, privacy on houseboats",honeymoon packages from chennai (309) ; best honeymoon packages from chennai (48) ; kashmir honeymoon packages from chennai (36) ; best honeymoon travel agency in chennai (27) ; honeymoon packages in chennai (23) ; honeymoon tour packages from chennai (23) ; honeymoon trip from chennai (20) ; travel agency in chennai for honeymoon packages (18)
54,2,honeymoon-from-city,/packages/honeymoon/from-kolkata,Kashmir Honeymoon Packages from Kolkata,Kashmir Honeymoon Packages from Kolkata - All-Inclusive Couple Trips | Glitz Holidays,honeymoon packages from kolkata,22,362,12,1.0,1000-1400,"All-inclusive couple price ex-Kolkata including flights - the intent is one number | Flight timing from Kolkata and how it shapes Day 1 (houseboat vs hotel first night) | 5N/6N couple itinerary with private transfers throughout | Honeymoon inclusions stated plainly - decor, cake, candlelit dinner, shikara | FAQ: best month from Kolkata, ID for couples, privacy on houseboats",honeymoon packages kolkata (47) ; honeymoon packages from kolkata (45) ; kolkata honeymoon places (36) ; kashmir honeymoon packages from kolkata (35) ; honeymoon places in kolkata (29) ; honeymoon places near kolkata (27) ; best honeymoon places near kolkata (26) ; kolkata honeymoon package (24)
55,2,honeymoon-from-city,/packages/honeymoon/from-pune,Kashmir Honeymoon Packages from Pune,Kashmir Honeymoon Packages from Pune - All-Inclusive Couple Trips | Glitz Holidays,honeymoon packages from pune,42,783,40,2.0,1000-1400,"All-inclusive couple price ex-Pune including flights - the intent is one number | Flight timing from Pune and how it shapes Day 1 (houseboat vs hotel first night) | 5N/6N couple itinerary with private transfers throughout | Honeymoon inclusions stated plainly - decor, cake, candlelit dinner, shikara | FAQ: best month from Pune, ID for couples, privacy on houseboats",honeymoon packages from pune (184) ; honeymoon places in pune (103) ; honeymoon packages pune (67) ; honeymoon places near pune (62) ; best travel agency in pune for honeymoon (39) ; pune honeymoon places (37) ; best honeymoon places in pune (33) ; honeymoon package from pune (29)
56,2,honeymoon-from-city,/packages/honeymoon/from-ahmedabad,Kashmir Honeymoon Packages from Ahmedabad,Kashmir Honeymoon Packages from Ahmedabad - All-Inclusive Couple Trips | Glitz Holidays,honeymoon packages from ahmedabad,33,580,51,2.0,1000-1400,"All-inclusive couple price ex-Ahmedabad including flights - the intent is one number | Flight timing from Ahmedabad and how it shapes Day 1 (houseboat vs hotel first night) | 5N/6N couple itinerary with private transfers throughout | Honeymoon inclusions stated plainly - decor, cake, candlelit dinner, shikara | FAQ: best month from Ahmedabad, ID for couples, privacy on houseboats",honeymoon packages from ahmedabad (281) ; honeymoon packages ahmedabad (54) ; honeymoon packages from ahmedabad with flight (42) ; couple tour packages from ahmedabad (40) ; kashmir honeymoon packages from ahmedabad (36) ; honeymoon tour packages from ahmedabad (31) ; honeymoon packages from ahmedabad with price (18) ; kashmir couple tour packages from ahmedabad (12)
57,2,honeymoon-from-city,/packages/honeymoon/from-chandigarh,Kashmir Honeymoon Packages from Chandigarh,Kashmir Honeymoon Packages from Chandigarh - All-Inclusive Couple Trips | Glitz Holidays,honeymoon packages from chandigarh,15,138,6,1.0,1000-1400,"All-inclusive couple price ex-Chandigarh including flights - the intent is one number | Flight timing from Chandigarh and how it shapes Day 1 (houseboat vs hotel first night) | 5N/6N couple itinerary with private transfers throughout | Honeymoon inclusions stated plainly - decor, cake, candlelit dinner, shikara | FAQ: best month from Chandigarh, ID for couples, privacy on houseboats",honeymoon packages from chandigarh (33) ; honeymoon places near chandigarh (20) ; chandigarh to manali honeymoon package (20) ; chandigarh honeymoon places (16) ; honeymoon packages chandigarh (13) ; chandigarh honeymoon package (13) ; honeymoon packages in chandigarh (5) ; best honeymoon places near chandigarh (5)
58,2,honeymoon-from-city,/packages/honeymoon/from-lucknow,Kashmir Honeymoon Packages from Lucknow,Kashmir Honeymoon Packages from Lucknow - All-Inclusive Couple Trips | Glitz Holidays,honeymoon packages from lucknow,3,7,2,0.0,1000-1400,"All-inclusive couple price ex-Lucknow including flights - the intent is one number | Flight timing from Lucknow and how it shapes Day 1 (houseboat vs hotel first night) | 5N/6N couple itinerary with private transfers throughout | Honeymoon inclusions stated plainly - decor, cake, candlelit dinner, shikara | FAQ: best month from Lucknow, ID for couples, privacy on houseboats",honeymoon packages from lucknow (5) ; romantic 3n4d honeymoon package dolphin spotting beach travels tour packages lucknow (1) ; honeymoon tour packages to reach sky with your dreams travels tour packages lucknow (1)
59,2,honeymoon-from-city,/packages/honeymoon/from-jaipur,Kashmir Honeymoon Packages from Jaipur,Kashmir Honeymoon Packages from Jaipur - All-Inclusive Couple Trips | Glitz Holidays,honeymoon packages from jaipur,27,387,6,2.0,1000-1400,"All-inclusive couple price ex-Jaipur including flights - the intent is one number | Flight timing from Jaipur and how it shapes Day 1 (houseboat vs hotel first night) | 5N/6N couple itinerary with private transfers throughout | Honeymoon inclusions stated plainly - decor, cake, candlelit dinner, shikara | FAQ: best month from Jaipur, ID for couples, privacy on houseboats",jaipur honeymoon places (83) ; jaipur honeymoon trip (73) ; honeymoon in jaipur (40) ; jaipur honeymoon packages (38) ; honeymoon packages jaipur (35) ; honeymoon places in jaipur (34) ; jaipur honeymoon package (20) ; punjabi travel couple jaipur (10)
60,2,honeymoon-from-city,/packages/honeymoon/from-nagpur,Kashmir Honeymoon Packages from Nagpur,Kashmir Honeymoon Packages from Nagpur - All-Inclusive Couple Trips | Glitz Holidays,honeymoon packages from nagpur,10,227,20,2.0,1000-1400,"All-inclusive couple price ex-Nagpur including flights - the intent is one number | Flight timing from Nagpur and how it shapes Day 1 (houseboat vs hotel first night) | 5N/6N couple itinerary with private transfers throughout | Honeymoon inclusions stated plainly - decor, cake, candlelit dinner, shikara | FAQ: best month from Nagpur, ID for couples, privacy on houseboats",honeymoon packages from nagpur (102) ; honeymoon packages nagpur (75) ; honeymoon places near nagpur (28) ; nagpur tour package for couple (12) ; best honeymoon places near nagpur (3) ; places near nagpur for honeymoon (2) ; honeymoon packages in nagpur (2) ; honeymoon package from nagpur (1)
61,2,honeymoon-from-city,/packages/honeymoon/from-dehradun,Kashmir Honeymoon Packages from Dehradun,Kashmir Honeymoon Packages from Dehradun - All-Inclusive Couple Trips | Glitz Holidays,honeymoon packages from dehradun,11,91,3,0.0,1000-1400,"All-inclusive couple price ex-Dehradun including flights - the intent is one number | Flight timing from Dehradun and how it shapes Day 1 (houseboat vs hotel first night) | 5N/6N couple itinerary with private transfers throughout | Honeymoon inclusions stated plainly - decor, cake, candlelit dinner, shikara | FAQ: best month from Dehradun, ID for couples, privacy on houseboats",dehradun honeymoon trip (33) ; dehradun honeymoon places (15) ; honeymoon packages dehradun (14) ; dehradun honeymoon package (7) ; dehradun for honeymoon (5) ; dehradun honeymoon packages (5) ; honeymoon places in dehradun (4) ; honeymoon dehradun (3)
62,2,honeymoon-from-city,/packages/honeymoon/from-vadodara,Kashmir Honeymoon Packages from Vadodara,Kashmir Honeymoon Packages from Vadodara - All-Inclusive Couple Trips | Glitz Holidays,honeymoon packages from vadodara,9,26,4,1.0,1000-1400,"All-inclusive couple price ex-Vadodara including flights - the intent is one number | Flight timing from Vadodara and how it shapes Day 1 (houseboat vs hotel first night) | 5N/6N couple itinerary with private transfers throughout | Honeymoon inclusions stated plainly - decor, cake, candlelit dinner, shikara | FAQ: best month from Vadodara, ID for couples, privacy on houseboats",honeymoon packages from vadodara (10) ; couple tour packages from vadodara (5) ; honeymoon packages vadodara (3) ; couple tour from vadodara (2) ; honeymoon tour packages from vadodara (2) ; honeymoon packages near vadodara gujarat (1) ; honeymoon packages in vadodara (1) ; honeymoon places near vadodara (1)
63,2,honeymoon-by-place,/packages/gulmarg-honeymoon-packages,Gulmarg Honeymoon Packages,Gulmarg Honeymoon Package - Prices & Romantic Itinerary | Glitz Holidays,gulmarg honeymoon package,28,746,70,8.0,900-1200,"Why couples pick Gulmarg specifically, and who it does not suit | Best Gulmarg honeymoon stays by room category with real price bands | 2N/3N add-on itinerary and how it slots into a wider Kashmir trip | Seasonality for Gulmarg - the month table drives the booking decision",gulmarg honeymoon package (285) ; kashmir gulmarg honeymoon package (81) ; gulmarg package for couple (67) ; gulmarg honeymoon (63) ; gulmarg honeymoon trip (37) ; honeymoon in gulmarg (22) ; gulmarg for honeymoon (20) ; gulmarg kashmir honeymoon (19)
64,2,honeymoon-by-place,/packages/honeymoon/pahalgam,Pahalgam Honeymoon Packages,Pahalgam Honeymoon Package - Prices & Romantic Itinerary | Glitz Holidays,pahalgam honeymoon package,4,27,1,0.0,900-1200,"Why couples pick Pahalgam specifically, and who it does not suit | Best Pahalgam honeymoon stays by room category with real price bands | 2N/3N add-on itinerary and how it slots into a wider Kashmir trip | Seasonality for Pahalgam - the month table drives the booking decision",pahalgam honeymoon packages (17) ; pahalgam honeymoon (7) ; pahalgam kashmir honeymoon (2) ; pahalgam kashmir couple (1)
65,2,honeymoon-by-place,/packages/honeymoon/srinagar,Srinagar Honeymoon Packages,Srinagar Honeymoon Package - Prices & Romantic Itinerary | Glitz Holidays,srinagar honeymoon package,45,756,57,4.0,900-1200,"Why couples pick Srinagar specifically, and who it does not suit | Best Srinagar honeymoon stays by room category with real price bands | 2N/3N add-on itinerary and how it slots into a wider Kashmir trip | Seasonality for Srinagar - the month table drives the booking decision",srinagar honeymoon places (232) ; srinagar honeymoon trip (47) ; honeymoon in srinagar (36) ; srinagar honeymoon package (36) ; srinagar honeymoon (34) ; delhi to srinagar honeymoon package (34) ; srinagar package for couple (34) ; honeymoon packages for srinagar (30)
66,2,honeymoon-by-duration,/packages/honeymoon/4-nights,4 Nights Kashmir Honeymoon Package,4 Nights 5 Days Kashmir Honeymoon Package - Price & Itinerary | Glitz Holidays,kashmir honeymoon package 4 nights,7,33,2,1.0,900-1200,"Full 4N/5D day-by-day couple itinerary | Exact price per couple, land-only and with-flight | What fits in 4 nights and what genuinely does not - set expectations honestly | Comparison strip against the adjacent durations",honeymoon packages for 3 nights 4 days (13) ; honeymoon packages from bangalore for 4 days (7) ; 4 days honeymoon trip (4) ; 4 nights 5 days honeymoon packages (3) ; 4 days honeymoon packages (3) ; 3 nights 4 days honeymoon package (2) ; 4 day honeymoon packages (1)
67,2,honeymoon-by-duration,/packages/honeymoon/5-nights,5 Nights Kashmir Honeymoon Package,5 Nights 6 Days Kashmir Honeymoon Package - Price & Itinerary | Glitz Holidays,kashmir honeymoon package 5 nights,7,15,1,0.0,900-1200,"Full 5N/6D day-by-day couple itinerary | Exact price per couple, land-only and with-flight | What fits in 5 nights and what genuinely does not - set expectations honestly | Comparison strip against the adjacent durations",5 day honeymoon packages (4) ; honeymoon packages 5 days (4) ; 4 nights 5 days honeymoon packages (3) ; 5 days honeymoon package (1) ; 5 days honeymoon packages (1) ; 5 day honeymoon package (1) ; honeymoon packages for 5 days (1)
68,2,honeymoon-by-duration,/packages/honeymoon/7-nights,7 Nights Kashmir Honeymoon Package,7 Nights 8 Days Kashmir Honeymoon Package - Price & Itinerary | Glitz Holidays,kashmir honeymoon package 7 nights,3,22,0,0.0,900-1200,"Full 7N/8D day-by-day couple itinerary | Exact price per couple, land-only and with-flight | What fits in 7 nights and what genuinely does not - set expectations honestly | Comparison strip against the adjacent durations",manali honeymoon package 7 days (11) ; kashmir honeymoon package for 7 days (10) ; manali honeymoon package for 7 days (1)
69,2,family-hub,/travel-styles/family,Kashmir Family Tour Packages,Kashmir Family Tour Packages - Kid-Friendly Itineraries & Prices | Glitz Holidays,kashmir tour packages for family,117,1303,71,8.0,1400-1800,"Family pricing incl. child-with-bed / child-without-bed / extra adult - the actual decision | Which sightseeing works with under-10s and which drives (Sonmarg, Zojila) do not | Connecting rooms and family-room inventory by hotel tier | Altitude and car-sickness notes for kids and grandparents | Links to /packages/from/* for family flight fares, and the 2N/3N Katra pages",kashmir tour packages for family with flight (374) ; vaishno devi family tour package (87) ; kashmir tour packages for family (76) ; kashmir family (73) ; kashmir family tour packages (61) ; vaishno devi family trip (44) ; kashmir tour packages for family with train (39) ; kashmir tour package for family with flight (39)
70,3,route-pair,/routes/delhi-to-kashmir,Delhi to Kashmir,"Delhi to Kashmir - Train, Flight & Road Compared | Glitz Holidays",delhi to kashmir,137,4519,108,2.0,1400-1900,"Answer the fastest/cheapest question in the first 100 words, before any mode detail | By air: Live fare band Delhi to Kashmir, cheapest vs fastest carrier, and the booking-window rule | By air: Exact flight duration, direct vs one-stop, and which airport you actually land at | By rail: Actual train names and numbers on the Delhi to Kashmir corridor with journey time | By rail: Where the railhead ends and the road leg begins (Katra/Jammu Tawi/Banihal) - most searchers do not know this | By road: Road distance in km, realistic driving hours, and the Jawahar/Banihal tunnel reality | By road: Highway condition, winter closure risk, and the checkpoints that add time | A single comparison table across by air / by rail / by road for time, cost and comfort | Each mode section self-contained so passage ranking can lift it independently | CTA block linking to /packages/from/delhi | FAQ drawn verbatim from the queries this page targets, one per mode",delhi to kashmir train (1867) ; delhi to kashmir flight (1112) ; delhi to kashmir by road (337) ; delhi to kashmir by train (238) ; delhi to kashmir flight ticket price (111) ; delhi to kashmir by flight (90) ; delhi to kashmir train ticket price (68) ; delhi to kashmir train malayalam (58)
71,3,route-pair,/routes/delhi-to-srinagar,Delhi to Srinagar,"Delhi to Srinagar - Train, Flight & Road Compared | Glitz Holidays",delhi to srinagar,137,2542,90,9.5,1400-1900,"Answer the fastest/cheapest question in the first 100 words, before any mode detail | By air: Live fare band Delhi to Srinagar, cheapest vs fastest carrier, and the booking-window rule | By air: Exact flight duration, direct vs one-stop, and which airport you actually land at | By rail: Actual train names and numbers on the Delhi to Srinagar corridor with journey time | By rail: Where the railhead ends and the road leg begins (Katra/Jammu Tawi/Banihal) - most searchers do not know this | By road: Road distance in km, realistic driving hours, and the Jawahar/Banihal tunnel reality | By road: Highway condition, winter closure risk, and the checkpoints that add time | A single comparison table across by air / by rail / by road for time, cost and comfort | Each mode section self-contained so passage ranking can lift it independently | CTA block linking to /packages/from/delhi | FAQ drawn verbatim from the queries this page targets, one per mode",delhi to srinagar train (594) ; delhi to srinagar by train (594) ; delhi to srinagar by road (479) ; delhi to srinagar flight (179) ; delhi to srinagar by bus (72) ; delhi to srinagar by train malayalam (41) ; delhi to srinagar train ticket price (38) ; delhi to srinagar bus (38)
72,3,route-pair,/routes/katra-to-srinagar,Katra to Srinagar,"Katra to Srinagar - Train, Flight & Road Compared | Glitz Holidays",katra to srinagar,48,1835,13,1.0,1400-1900,"Answer the fastest/cheapest question in the first 100 words, before any mode detail | By rail: Actual train names and numbers on the Katra to Srinagar corridor with journey time | By rail: Where the railhead ends and the road leg begins (Katra/Jammu Tawi/Banihal) - most searchers do not know this | By road: Road distance in km, realistic driving hours, and the Jawahar/Banihal tunnel reality | By road: Highway condition, winter closure risk, and the checkpoints that add time | A single comparison table across by rail / by road for time, cost and comfort | Each mode section self-contained so passage ranking can lift it independently | CTA block linking to /packages/from/katra | FAQ drawn verbatim from the queries this page targets, one per mode",katra to srinagar by road (831) ; katra to srinagar by train (728) ; katra to srinagar taxi fare (43) ; katra to srinagar train (41) ; katra to srinagar distance (23) ; katra to srinagar by road time (22) ; katra to srinagar by bus (21) ; katra to srinagar road (18)
73,3,route-pair,/routes/bangalore-to-kashmir,Bangalore to Kashmir,"Bangalore to Kashmir - Train, Flight & Road Compared | Glitz Holidays",bangalore to kashmir,48,1667,75,4.0,1400-1900,"Answer the fastest/cheapest question in the first 100 words, before any mode detail | By air: Live fare band Bangalore to Kashmir, cheapest vs fastest carrier, and the booking-window rule | By air: Exact flight duration, direct vs one-stop, and which airport you actually land at | By rail: Actual train names and numbers on the Bangalore to Kashmir corridor with journey time | By rail: Where the railhead ends and the road leg begins (Katra/Jammu Tawi/Banihal) - most searchers do not know this | By road: Road distance in km, realistic driving hours, and the Jawahar/Banihal tunnel reality | By road: Highway condition, winter closure risk, and the checkpoints that add time | A single comparison table across by air / by rail / by road for time, cost and comfort | Each mode section self-contained so passage ranking can lift it independently | CTA block linking to /packages/from/bangalore | FAQ drawn verbatim from the queries this page targets, one per mode",bangalore to kashmir flight (762) ; bangalore to kashmir train (566) ; bangalore to kashmir flight ticket price (36) ; flight from bangalore to kashmir (27) ; bangalore to jammu kashmir train (25) ; bangalore to kashmir flight price (24) ; bangalore to kashmir road trip (24) ; train from bangalore to kashmir (21)
74,3,route-pair,/routes/jammu-to-srinagar,Jammu to Srinagar,"Jammu to Srinagar - Train, Flight & Road Compared | Glitz Holidays",jammu to srinagar,132,1368,40,1.0,1400-1900,"Answer the fastest/cheapest question in the first 100 words, before any mode detail | By air: Live fare band Jammu to Srinagar, cheapest vs fastest carrier, and the booking-window rule | By air: Exact flight duration, direct vs one-stop, and which airport you actually land at | By rail: Actual train names and numbers on the Jammu to Srinagar corridor with journey time | By rail: Where the railhead ends and the road leg begins (Katra/Jammu Tawi/Banihal) - most searchers do not know this | By road: Road distance in km, realistic driving hours, and the Jawahar/Banihal tunnel reality | By road: Highway condition, winter closure risk, and the checkpoints that add time | A single comparison table across by air / by rail / by road for time, cost and comfort | Each mode section self-contained so passage ranking can lift it independently | CTA block linking to /packages/from/jammu | FAQ drawn verbatim from the queries this page targets, one per mode",jammu to srinagar by train (626) ; jammu to srinagar by bus (73) ; jammu to srinagar taxi fare (70) ; jammu to srinagar road (61) ; airfare from jammu to srinagar (31) ; jammu to srinagar road trip (30) ; jammu to srinagar taxi (28) ; jammu to srinagar bus (27)
75,3,route-pair,/routes/delhi-to-gulmarg,Delhi to Gulmarg,"Delhi to Gulmarg - Train, Flight & Road Compared | Glitz Holidays",delhi to gulmarg,20,1287,14,0.0,1400-1900,"Answer the fastest/cheapest question in the first 100 words, before any mode detail | By air: Live fare band Delhi to Gulmarg, cheapest vs fastest carrier, and the booking-window rule | By air: Exact flight duration, direct vs one-stop, and which airport you actually land at | By rail: Actual train names and numbers on the Delhi to Gulmarg corridor with journey time | By rail: Where the railhead ends and the road leg begins (Katra/Jammu Tawi/Banihal) - most searchers do not know this | By road: Road distance in km, realistic driving hours, and the Jawahar/Banihal tunnel reality | By road: Highway condition, winter closure risk, and the checkpoints that add time | A single comparison table across by air / by rail / by road for time, cost and comfort | Each mode section self-contained so passage ranking can lift it independently | CTA block linking to /packages/from/delhi | FAQ drawn verbatim from the queries this page targets, one per mode",delhi to gulmarg by train (760) ; delhi to gulmarg by road (346) ; delhi to gulmarg train (107) ; delhi to gulmarg flight (15) ; delhi to gulmarg by flight (10) ; delhi to gulmarg train ticket price (9) ; delhi to gulmarg by bus (6) ; delhi to gulmarg road trip (5)
76,3,route-pair,/routes/new-delhi-to-srinagar,New Delhi to Srinagar,"New Delhi to Srinagar - Train, Flight & Road Compared | Glitz Holidays",new delhi to srinagar,12,1213,3,0.0,1400-1900,"Answer the fastest/cheapest question in the first 100 words, before any mode detail | By air: Live fare band New Delhi to Srinagar, cheapest vs fastest carrier, and the booking-window rule | By air: Exact flight duration, direct vs one-stop, and which airport you actually land at | By rail: Actual train names and numbers on the New Delhi to Srinagar corridor with journey time | By rail: Where the railhead ends and the road leg begins (Katra/Jammu Tawi/Banihal) - most searchers do not know this | By road: Road distance in km, realistic driving hours, and the Jawahar/Banihal tunnel reality | By road: Highway condition, winter closure risk, and the checkpoints that add time | A single comparison table across by air / by rail / by road for time, cost and comfort | Each mode section self-contained so passage ranking can lift it independently | CTA block linking to /packages/from/new-delhi | FAQ drawn verbatim from the queries this page targets, one per mode",airfare from new delhi to srinagar (1134) ; new delhi to srinagar by train (42) ; new delhi to srinagar train (14) ; new delhi to srinagar flight (8) ; new delhi to srinagar by bus (4) ; new delhi to srinagar bus (3) ; new delhi to srinagar kashmir train (2) ; trains from new delhi to srinagar kashmir (2)
77,3,route-pair,/routes/mumbai-to-kashmir,Mumbai to Kashmir,"Mumbai to Kashmir - Train, Flight & Road Compared | Glitz Holidays",mumbai to kashmir,60,1058,35,0.0,1400-1900,"Answer the fastest/cheapest question in the first 100 words, before any mode detail | By air: Live fare band Mumbai to Kashmir, cheapest vs fastest carrier, and the booking-window rule | By air: Exact flight duration, direct vs one-stop, and which airport you actually land at | By rail: Actual train names and numbers on the Mumbai to Kashmir corridor with journey time | By rail: Where the railhead ends and the road leg begins (Katra/Jammu Tawi/Banihal) - most searchers do not know this | By road: Road distance in km, realistic driving hours, and the Jawahar/Banihal tunnel reality | By road: Highway condition, winter closure risk, and the checkpoints that add time | A single comparison table across by air / by rail / by road for time, cost and comfort | Each mode section self-contained so passage ranking can lift it independently | CTA block linking to /packages/from/mumbai | FAQ drawn verbatim from the queries this page targets, one per mode",mumbai to kashmir by train (342) ; mumbai to kashmir flight (217) ; mumbai to kashmir train (90) ; how to go mumbai to kashmir by train (43) ; mumbai to kashmir flight ticket price (39) ; mumbai to jammu kashmir train (35) ; mumbai to kashmir by road (34) ; mumbai to kashmir tour packages by train (30)
78,3,route-pair,/routes/katra-to-kashmir,Katra to Kashmir,"Katra to Kashmir - Train, Flight & Road Compared | Glitz Holidays",katra to kashmir,15,999,9,1.0,1400-1900,"Answer the fastest/cheapest question in the first 100 words, before any mode detail | By rail: Actual train names and numbers on the Katra to Kashmir corridor with journey time | By rail: Where the railhead ends and the road leg begins (Katra/Jammu Tawi/Banihal) - most searchers do not know this | By road: Road distance in km, realistic driving hours, and the Jawahar/Banihal tunnel reality | By road: Highway condition, winter closure risk, and the checkpoints that add time | A single comparison table across by rail / by road for time, cost and comfort | Each mode section self-contained so passage ranking can lift it independently | CTA block linking to /packages/from/katra | FAQ drawn verbatim from the queries this page targets, one per mode",katra to kashmir train (710) ; katra to kashmir by road (181) ; katra to kashmir taxi fare (28) ; katra to kashmir by train (28) ; katra to kashmir distance (18) ; katra to kashmir railway (11) ; katra to kashmir by bus (4) ; katra to kashmir train route (4)
79,3,route-pair,/routes/mumbai-to-srinagar,Mumbai to Srinagar,"Mumbai to Srinagar - Train, Flight & Road Compared | Glitz Holidays",mumbai to srinagar,44,784,17,1.0,1400-1900,"Answer the fastest/cheapest question in the first 100 words, before any mode detail | By air: Live fare band Mumbai to Srinagar, cheapest vs fastest carrier, and the booking-window rule | By air: Exact flight duration, direct vs one-stop, and which airport you actually land at | By rail: Actual train names and numbers on the Mumbai to Srinagar corridor with journey time | By rail: Where the railhead ends and the road leg begins (Katra/Jammu Tawi/Banihal) - most searchers do not know this | A single comparison table across by air / by rail for time, cost and comfort | Each mode section self-contained so passage ranking can lift it independently | CTA block linking to /packages/from/mumbai | FAQ drawn verbatim from the queries this page targets, one per mode",airfare from mumbai to srinagar (471) ; mumbai to srinagar train (78) ; mumbai to srinagar flight (48) ; mumbai to srinagar flight ticket price (45) ; flight from mumbai to srinagar (16) ; train from mumbai to srinagar kashmir (14) ; mumbai to srinagar by train (11) ; mumbai to srinagar flight indigo (10)
80,3,route-pair,/routes/srinagar-to-gulmarg,Srinagar to Gulmarg,"Srinagar to Gulmarg - Train, Flight & Road Compared | Glitz Holidays",srinagar to gulmarg,38,639,20,4.0,1400-1900,"Answer the fastest/cheapest question in the first 100 words, before any mode detail | By air: Live fare band Srinagar to Gulmarg, cheapest vs fastest carrier, and the booking-window rule | By air: Exact flight duration, direct vs one-stop, and which airport you actually land at | By road: Road distance in km, realistic driving hours, and the Jawahar/Banihal tunnel reality | By road: Highway condition, winter closure risk, and the checkpoints that add time | A single comparison table across by air / by road for time, cost and comfort | Each mode section self-contained so passage ranking can lift it independently | CTA block linking to /packages/from/srinagar | FAQ drawn verbatim from the queries this page targets, one per mode",srinagar to gulmarg road (372) ; srinagar to gulmarg by road (37) ; srinagar to gulmarg taxi fare (35) ; srinagar to gulmarg taxi charges (33) ; srinagar to gulmarg taxi (26) ; srinagar to gulmarg road in winter (23) ; srinagar to gulmarg distance (12) ; taxi from srinagar to gulmarg (12)
81,3,route-pair,/routes/kolkata-to-kashmir,Kolkata to Kashmir,"Kolkata to Kashmir - Train, Flight & Road Compared | Glitz Holidays",kolkata to kashmir,42,618,9,0.0,1400-1900,"Answer the fastest/cheapest question in the first 100 words, before any mode detail | By air: Live fare band Kolkata to Kashmir, cheapest vs fastest carrier, and the booking-window rule | By air: Exact flight duration, direct vs one-stop, and which airport you actually land at | By rail: Actual train names and numbers on the Kolkata to Kashmir corridor with journey time | By rail: Where the railhead ends and the road leg begins (Katra/Jammu Tawi/Banihal) - most searchers do not know this | By road: Road distance in km, realistic driving hours, and the Jawahar/Banihal tunnel reality | By road: Highway condition, winter closure risk, and the checkpoints that add time | A single comparison table across by air / by rail / by road for time, cost and comfort | Each mode section self-contained so passage ranking can lift it independently | CTA block linking to /packages/from/kolkata | FAQ drawn verbatim from the queries this page targets, one per mode",kolkata to kashmir flight ticket price (215) ; kolkata to kashmir by train (74) ; kolkata to kashmir train ticket price (64) ; kolkata to kashmir train journey (49) ; kolkata to kashmir flight (30) ; kolkata to kashmir tour by train (26) ; kolkata to kashmir train (24) ; kolkata to kashmir tour flight (14)
82,3,route-pair,/routes/lucknow-to-kashmir,Lucknow to Kashmir,"Lucknow to Kashmir - Train, Flight & Road Compared | Glitz Holidays",lucknow to kashmir,20,601,27,1.0,1400-1900,"Answer the fastest/cheapest question in the first 100 words, before any mode detail | By air: Live fare band Lucknow to Kashmir, cheapest vs fastest carrier, and the booking-window rule | By air: Exact flight duration, direct vs one-stop, and which airport you actually land at | By rail: Actual train names and numbers on the Lucknow to Kashmir corridor with journey time | By rail: Where the railhead ends and the road leg begins (Katra/Jammu Tawi/Banihal) - most searchers do not know this | By road: Road distance in km, realistic driving hours, and the Jawahar/Banihal tunnel reality | By road: Highway condition, winter closure risk, and the checkpoints that add time | A single comparison table across by air / by rail / by road for time, cost and comfort | Each mode section self-contained so passage ranking can lift it independently | CTA block linking to /packages/from/lucknow | FAQ drawn verbatim from the queries this page targets, one per mode",lucknow to kashmir by train (305) ; lucknow to kashmir flight (181) ; lucknow to kashmir by road (29) ; flight from lucknow to kashmir (20) ; lucknow to kashmir by flight (19) ; lucknow to kashmir flight ticket price (13) ; lucknow to kashmir flight ticket (7) ; lucknow to kashmir flight price (6)
83,3,route-pair,/routes/jammu-to-pahalgam,Jammu to Pahalgam,"Jammu to Pahalgam - Train, Flight & Road Compared | Glitz Holidays",jammu to pahalgam,7,595,6,0.0,1400-1900,"Answer the fastest/cheapest question in the first 100 words, before any mode detail | By road: Road distance in km, realistic driving hours, and the Jawahar/Banihal tunnel reality | By road: Highway condition, winter closure risk, and the checkpoints that add time | A single comparison table across by road for time, cost and comfort | Each mode section self-contained so passage ranking can lift it independently | CTA block linking to /packages/from/jammu | FAQ drawn verbatim from the queries this page targets, one per mode",jammu to pahalgam by road (579) ; jammu to pahalgam bus (7) ; jammu to pahalgam by bus (3) ; jammu to pahalgam distance (3) ; jammu to pahalgam by taxi (1) ; jammu to pahalgam bus service (1) ; distance from jammu to pahalgam (1)
84,3,route-pair,/routes/srinagar-to-pahalgam,Srinagar to Pahalgam,"Srinagar to Pahalgam - Train, Flight & Road Compared | Glitz Holidays",srinagar to pahalgam,18,536,7,0.0,1400-1900,"Answer the fastest/cheapest question in the first 100 words, before any mode detail | By road: Road distance in km, realistic driving hours, and the Jawahar/Banihal tunnel reality | By road: Highway condition, winter closure risk, and the checkpoints that add time | A single comparison table across by road for time, cost and comfort | Each mode section self-contained so passage ranking can lift it independently | CTA block linking to /packages/from/srinagar | FAQ drawn verbatim from the queries this page targets, one per mode",srinagar to pahalgam by road (454) ; srinagar to pahalgam by road in winter (22) ; srinagar to pahalgam taxi fare (16) ; srinagar to pahalgam taxi (16) ; srinagar to pahalgam distance (8) ; road from srinagar to pahalgam (3) ; srinagar to pahalgam road trip (3) ; taxi fare from srinagar to pahalgam (2)
85,3,route-pair,/routes/chandigarh-to-kashmir,Chandigarh to Kashmir,"Chandigarh to Kashmir - Train, Flight & Road Compared | Glitz Holidays",chandigarh to kashmir,25,487,33,2.0,1400-1900,"Answer the fastest/cheapest question in the first 100 words, before any mode detail | By air: Live fare band Chandigarh to Kashmir, cheapest vs fastest carrier, and the booking-window rule | By air: Exact flight duration, direct vs one-stop, and which airport you actually land at | By rail: Actual train names and numbers on the Chandigarh to Kashmir corridor with journey time | By rail: Where the railhead ends and the road leg begins (Katra/Jammu Tawi/Banihal) - most searchers do not know this | By road: Road distance in km, realistic driving hours, and the Jawahar/Banihal tunnel reality | By road: Highway condition, winter closure risk, and the checkpoints that add time | A single comparison table across by air / by rail / by road for time, cost and comfort | Each mode section self-contained so passage ranking can lift it independently | CTA block linking to /packages/from/chandigarh | FAQ drawn verbatim from the queries this page targets, one per mode",chandigarh to kashmir flight (227) ; chandigarh to kashmir train (78) ; chandigarh to kashmir by train (49) ; chandigarh to kashmir road trip (16) ; chandigarh to kashmir by road (16) ; chandigarh to kashmir flight time (15) ; flight from chandigarh to kashmir (15) ; flight tickets from chandigarh to kashmir (11)
86,3,route-pair,/routes/bangalore-to-srinagar,Bangalore to Srinagar,"Bangalore to Srinagar - Train, Flight & Road Compared | Glitz Holidays",bangalore to srinagar,30,481,25,4.0,1400-1900,"Answer the fastest/cheapest question in the first 100 words, before any mode detail | By air: Live fare band Bangalore to Srinagar, cheapest vs fastest carrier, and the booking-window rule | By air: Exact flight duration, direct vs one-stop, and which airport you actually land at | By rail: Actual train names and numbers on the Bangalore to Srinagar corridor with journey time | By rail: Where the railhead ends and the road leg begins (Katra/Jammu Tawi/Banihal) - most searchers do not know this | A single comparison table across by air / by rail for time, cost and comfort | Each mode section self-contained so passage ranking can lift it independently | CTA block linking to /packages/from/bangalore | FAQ drawn verbatim from the queries this page targets, one per mode",bangalore to srinagar flight (273) ; bangalore to srinagar train (80) ; bangalore to srinagar flight indigo (44) ; bangalore to srinagar flight time (10) ; bangalore to srinagar train ticket price (8) ; bangalore to srinagar flight ticket price (7) ; cheapest flight from bangalore to srinagar (7) ; flight tickets from bangalore to srinagar (5)
87,3,route-pair,/routes/jammu-to-kashmir,Jammu to Kashmir,"Jammu to Kashmir - Train, Flight & Road Compared | Glitz Holidays",jammu to kashmir,40,439,18,0.0,1400-1900,"Answer the fastest/cheapest question in the first 100 words, before any mode detail | By air: Live fare band Jammu to Kashmir, cheapest vs fastest carrier, and the booking-window rule | By air: Exact flight duration, direct vs one-stop, and which airport you actually land at | By rail: Actual train names and numbers on the Jammu to Kashmir corridor with journey time | By rail: Where the railhead ends and the road leg begins (Katra/Jammu Tawi/Banihal) - most searchers do not know this | By road: Road distance in km, realistic driving hours, and the Jawahar/Banihal tunnel reality | By road: Highway condition, winter closure risk, and the checkpoints that add time | A single comparison table across by air / by rail / by road for time, cost and comfort | Each mode section self-contained so passage ranking can lift it independently | CTA block linking to /packages/from/jammu | FAQ drawn verbatim from the queries this page targets, one per mode",jammu to kashmir train (153) ; jammu to kashmir by road (61) ; jammu to kashmir taxi fare (37) ; jammu to kashmir distance (36) ; jammu to kashmir train route (29) ; jammu to kashmir by train (26) ; jammu to kashmir road trip (11) ; transportation jammu airport ixj to katra jammu and kashmir india (9)
88,3,route-pair,/routes/hyderabad-to-kashmir,Hyderabad to Kashmir,"Hyderabad to Kashmir - Train, Flight & Road Compared | Glitz Holidays",hyderabad to kashmir,30,439,35,4.0,1400-1900,"Answer the fastest/cheapest question in the first 100 words, before any mode detail | By air: Live fare band Hyderabad to Kashmir, cheapest vs fastest carrier, and the booking-window rule | By air: Exact flight duration, direct vs one-stop, and which airport you actually land at | By rail: Actual train names and numbers on the Hyderabad to Kashmir corridor with journey time | By rail: Where the railhead ends and the road leg begins (Katra/Jammu Tawi/Banihal) - most searchers do not know this | A single comparison table across by air / by rail for time, cost and comfort | Each mode section self-contained so passage ranking can lift it independently | CTA block linking to /packages/from/hyderabad | FAQ drawn verbatim from the queries this page targets, one per mode",hyderabad to kashmir flight (204) ; hyderabad to kashmir by train (50) ; hyderabad to kashmir train (48) ; hyderabad to kashmir flight ticket price (25) ; hyderabad to kashmir flight price (15) ; hyderabad to kashmir train ticket price (15) ; hyderabad to kashmir flight ticket (12) ; hyderabad to kashmir train journey (12)
89,3,route-pair,/routes/pune-to-kashmir,Pune to Kashmir,"Pune to Kashmir - Train, Flight & Road Compared | Glitz Holidays",pune to kashmir,21,345,21,1.0,1400-1900,"Answer the fastest/cheapest question in the first 100 words, before any mode detail | By air: Live fare band Pune to Kashmir, cheapest vs fastest carrier, and the booking-window rule | By air: Exact flight duration, direct vs one-stop, and which airport you actually land at | By rail: Actual train names and numbers on the Pune to Kashmir corridor with journey time | By rail: Where the railhead ends and the road leg begins (Katra/Jammu Tawi/Banihal) - most searchers do not know this | A single comparison table across by air / by rail for time, cost and comfort | Each mode section self-contained so passage ranking can lift it independently | CTA block linking to /packages/from/pune | FAQ drawn verbatim from the queries this page targets, one per mode",pune to kashmir flight (239) ; pune to kashmir flight ticket price (29) ; pune to kashmir train (17) ; train from pune to kashmir (13) ; pune to kashmir flight ticket (6) ; pune to kashmir trip by train (5) ; flight from pune to kashmir (4) ; pune to kashmir flight price (4)
90,3,route-pair,/routes/howrah-to-kashmir,Howrah to Kashmir,"Howrah to Kashmir - Train, Flight & Road Compared | Glitz Holidays",howrah to kashmir,11,317,3,0.0,1400-1900,"Answer the fastest/cheapest question in the first 100 words, before any mode detail | By rail: Actual train names and numbers on the Howrah to Kashmir corridor with journey time | By rail: Where the railhead ends and the road leg begins (Katra/Jammu Tawi/Banihal) - most searchers do not know this | A single comparison table across by rail for time, cost and comfort | Each mode section self-contained so passage ranking can lift it independently | CTA block linking to /packages/from/howrah | FAQ drawn verbatim from the queries this page targets, one per mode",howrah to kashmir train journey (179) ; howrah to kashmir train (54) ; howrah to kashmir by train (26) ; howrah to kashmir train ticket price (26) ; howrah to kashmir train ticket (19) ; howrah to jammu kashmir train (4) ; howrah to kashmir train time (3) ; howrah to kashmir tour by train (2)
91,3,route-pair,/routes/banihal-to-srinagar,Banihal to Srinagar,"Banihal to Srinagar - Train, Flight & Road Compared | Glitz Holidays",banihal to srinagar,16,309,2,0.0,1400-1900,"Answer the fastest/cheapest question in the first 100 words, before any mode detail | By rail: Actual train names and numbers on the Banihal to Srinagar corridor with journey time | By rail: Where the railhead ends and the road leg begins (Katra/Jammu Tawi/Banihal) - most searchers do not know this | A single comparison table across by rail for time, cost and comfort | Each mode section self-contained so passage ranking can lift it independently | CTA block linking to /packages/from/banihal | FAQ drawn verbatim from the queries this page targets, one per mode",banihal to srinagar train (122) ; banihal to srinagar train journey (63) ; train journey from banihal to srinagar (49) ; banihal to srinagar by train (25) ; banihal to srinagar train in winter (23) ; banihal to srinagar train winter (11) ; banihal to srinagar train in summer (3) ; banihal to srinagar train in december (2)
92,3,route-pair,/routes/delhi-to-katra,Delhi to Katra,"Delhi to Katra - Train, Flight & Road Compared | Glitz Holidays",delhi to katra,9,290,2,0.0,1400-1900,"Answer the fastest/cheapest question in the first 100 words, before any mode detail | By rail: Actual train names and numbers on the Delhi to Katra corridor with journey time | By rail: Where the railhead ends and the road leg begins (Katra/Jammu Tawi/Banihal) - most searchers do not know this | By road: Road distance in km, realistic driving hours, and the Jawahar/Banihal tunnel reality | By road: Highway condition, winter closure risk, and the checkpoints that add time | A single comparison table across by rail / by road for time, cost and comfort | Each mode section self-contained so passage ranking can lift it independently | CTA block linking to /packages/from/delhi | FAQ drawn verbatim from the queries this page targets, one per mode",delhi to katra by road (239) ; delhi to katra road trip (18) ; train journey delhi to katra (12) ; delhi to katra train journey (9) ; express road delhi to katra (5) ; vaishno devi yatra delhi to katra by train (3) ; delhi to katra by train (2) ; delhi to katra via road (1)
93,3,route-pair,/routes/chandigarh-to-srinagar,Chandigarh to Srinagar,"Chandigarh to Srinagar - Train, Flight & Road Compared | Glitz Holidays",chandigarh to srinagar,23,278,7,3.0,1400-1900,"Answer the fastest/cheapest question in the first 100 words, before any mode detail | By air: Live fare band Chandigarh to Srinagar, cheapest vs fastest carrier, and the booking-window rule | By air: Exact flight duration, direct vs one-stop, and which airport you actually land at | By road: Road distance in km, realistic driving hours, and the Jawahar/Banihal tunnel reality | By road: Highway condition, winter closure risk, and the checkpoints that add time | A single comparison table across by air / by road for time, cost and comfort | Each mode section self-contained so passage ranking can lift it independently | CTA block linking to /packages/from/chandigarh | FAQ drawn verbatim from the queries this page targets, one per mode",chandigarh to srinagar by road (138) ; airfare from chandigarh to srinagar (52) ; chandigarh to srinagar flight (42) ; chandigarh to srinagar by bus (6) ; chandigarh to srinagar flight lowest price (5) ; air ticket chandigarh to srinagar (5) ; chandigarh to srinagar road trip (5) ; flight from chandigarh to srinagar (4)
94,3,route-pair,/routes/katra-to-pahalgam,Katra to Pahalgam,"Katra to Pahalgam - Train, Flight & Road Compared | Glitz Holidays",katra to pahalgam,5,272,4,0.0,1400-1900,"Answer the fastest/cheapest question in the first 100 words, before any mode detail | By road: Road distance in km, realistic driving hours, and the Jawahar/Banihal tunnel reality | By road: Highway condition, winter closure risk, and the checkpoints that add time | A single comparison table across by road for time, cost and comfort | Each mode section self-contained so passage ranking can lift it independently | CTA block linking to /packages/from/katra | FAQ drawn verbatim from the queries this page targets, one per mode",katra to pahalgam by road (267) ; katra to pahalgam bus (2) ; katra to pahalgam by bus (1) ; katra to pahalgam distance (1) ; katra to pahalgam road (1)
95,3,route-pair,/routes/chennai-to-kashmir,Chennai to Kashmir,"Chennai to Kashmir - Train, Flight & Road Compared | Glitz Holidays",chennai to kashmir,27,268,19,1.0,1400-1900,"Answer the fastest/cheapest question in the first 100 words, before any mode detail | By air: Live fare band Chennai to Kashmir, cheapest vs fastest carrier, and the booking-window rule | By air: Exact flight duration, direct vs one-stop, and which airport you actually land at | By rail: Actual train names and numbers on the Chennai to Kashmir corridor with journey time | By rail: Where the railhead ends and the road leg begins (Katra/Jammu Tawi/Banihal) - most searchers do not know this | A single comparison table across by air / by rail for time, cost and comfort | Each mode section self-contained so passage ranking can lift it independently | CTA block linking to /packages/from/chennai | FAQ drawn verbatim from the queries this page targets, one per mode",chennai to kashmir flight (124) ; chennai to kashmir flight ticket price (36) ; chennai to kashmir train tamil (21) ; chennai to kashmir flight indigo (20) ; chennai to kashmir train (12) ; chennai to jammu kashmir train tamil (8) ; chennai to kashmir flight price (7) ; chennai to kashmir train ticket price (6)
96,3,route-pair,/routes/amritsar-to-kashmir,Amritsar to Kashmir,"Amritsar to Kashmir - Train, Flight & Road Compared | Glitz Holidays",amritsar to kashmir,12,255,12,1.0,1400-1900,"Answer the fastest/cheapest question in the first 100 words, before any mode detail | By air: Live fare band Amritsar to Kashmir, cheapest vs fastest carrier, and the booking-window rule | By air: Exact flight duration, direct vs one-stop, and which airport you actually land at | By rail: Actual train names and numbers on the Amritsar to Kashmir corridor with journey time | By rail: Where the railhead ends and the road leg begins (Katra/Jammu Tawi/Banihal) - most searchers do not know this | A single comparison table across by air / by rail for time, cost and comfort | Each mode section self-contained so passage ranking can lift it independently | CTA block linking to /packages/from/amritsar | FAQ drawn verbatim from the queries this page targets, one per mode",amritsar to kashmir by train (114) ; amritsar to kashmir flight (92) ; amritsar to kashmir flight ticket price (15) ; amritsar to kashmir train (8) ; flight from amritsar to kashmir (8) ; air ticket from amritsar to kashmir (5) ; amritsar to kashmir air ticket price (3) ; amritsar to kashmir flight time (3)
97,3,route-pair,/routes/pune-to-srinagar,Pune to Srinagar,"Pune to Srinagar - Train, Flight & Road Compared | Glitz Holidays",pune to srinagar,18,254,4,0.0,1400-1900,"Answer the fastest/cheapest question in the first 100 words, before any mode detail | By air: Live fare band Pune to Srinagar, cheapest vs fastest carrier, and the booking-window rule | By air: Exact flight duration, direct vs one-stop, and which airport you actually land at | By rail: Actual train names and numbers on the Pune to Srinagar corridor with journey time | By rail: Where the railhead ends and the road leg begins (Katra/Jammu Tawi/Banihal) - most searchers do not know this | A single comparison table across by air / by rail for time, cost and comfort | Each mode section self-contained so passage ranking can lift it independently | CTA block linking to /packages/from/pune | FAQ drawn verbatim from the queries this page targets, one per mode",pune to srinagar flight (179) ; airfare from pune to srinagar (14) ; pune to srinagar by train (10) ; train from pune to srinagar kashmir (10) ; pune to srinagar flight indigo (10) ; flight from pune to srinagar (7) ; pune to srinagar flight ticket price (5) ; pune to srinagar flight ticket (4)
98,3,route-pair,/routes/srinagar-to-sonmarg,Srinagar to Sonmarg,"Srinagar to Sonmarg - Train, Flight & Road Compared | Glitz Holidays",srinagar to sonmarg,11,245,0,0.0,1400-1900,"Answer the fastest/cheapest question in the first 100 words, before any mode detail | By road: Road distance in km, realistic driving hours, and the Jawahar/Banihal tunnel reality | By road: Highway condition, winter closure risk, and the checkpoints that add time | A single comparison table across by road for time, cost and comfort | Each mode section self-contained so passage ranking can lift it independently | CTA block linking to /packages/from/srinagar | FAQ drawn verbatim from the queries this page targets, one per mode",srinagar to sonmarg by road (191) ; srinagar to sonmarg by bus (16) ; srinagar to sonmarg road (14) ; srinagar to sonmarg by road in december (8) ; srinagar to sonmarg taxi fare (5) ; road from srinagar to sonmarg (3) ; srinagar to sonmarg distance (3) ; srinagar to sonmarg bus (2)
99,3,route-pair,/routes/srinagar-to-ladakh,Srinagar to Ladakh,"Srinagar to Ladakh - Train, Flight & Road Compared | Glitz Holidays",srinagar to ladakh,16,243,1,0.0,1400-1900,"Answer the fastest/cheapest question in the first 100 words, before any mode detail | By road: Road distance in km, realistic driving hours, and the Jawahar/Banihal tunnel reality | By road: Highway condition, winter closure risk, and the checkpoints that add time | A single comparison table across by road for time, cost and comfort | Each mode section self-contained so passage ranking can lift it independently | CTA block linking to /packages/from/srinagar | FAQ drawn verbatim from the queries this page targets, one per mode",srinagar to leh ladakh road trip (182) ; srinagar to ladakh road trip (11) ; srinagar to ladakh by bus (10) ; srinagar to ladakh by road (7) ; srinagar to ladakh road (7) ; srinagar to leh ladakh road trip bike (4) ; srinagar to leh ladakh road trip by car (4) ; srinagar to leh ladakh by road (4)
100,3,route-pair,/routes/udhampur-to-srinagar,Udhampur to Srinagar,"Udhampur to Srinagar - Train, Flight & Road Compared | Glitz Holidays",udhampur to srinagar,9,232,0,0.0,1400-1900,"Answer the fastest/cheapest question in the first 100 words, before any mode detail | By rail: Actual train names and numbers on the Udhampur to Srinagar corridor with journey time | By rail: Where the railhead ends and the road leg begins (Katra/Jammu Tawi/Banihal) - most searchers do not know this | By road: Road distance in km, realistic driving hours, and the Jawahar/Banihal tunnel reality | By road: Highway condition, winter closure risk, and the checkpoints that add time | A single comparison table across by rail / by road for time, cost and comfort | Each mode section self-contained so passage ranking can lift it independently | CTA block linking to /packages/from/udhampur | FAQ drawn verbatim from the queries this page targets, one per mode",udhampur to srinagar road (92) ; udhampur to srinagar by road (82) ; udhampur to srinagar train (24) ; udhampur to srinagar by train (18) ; udhampur to srinagar bus (12) ; jksrtc bus from udhampur to srinagar (1) ; udhampur to srinagar by bus (1) ; udhampur to srinagar taxi fare (1)
101,3,route-pair,/routes/ahmedabad-to-kashmir,Ahmedabad to Kashmir,"Ahmedabad to Kashmir - Train, Flight & Road Compared | Glitz Holidays",ahmedabad to kashmir,14,223,14,0.0,1400-1900,"Answer the fastest/cheapest question in the first 100 words, before any mode detail | By air: Live fare band Ahmedabad to Kashmir, cheapest vs fastest carrier, and the booking-window rule | By air: Exact flight duration, direct vs one-stop, and which airport you actually land at | By rail: Actual train names and numbers on the Ahmedabad to Kashmir corridor with journey time | By rail: Where the railhead ends and the road leg begins (Katra/Jammu Tawi/Banihal) - most searchers do not know this | A single comparison table across by air / by rail for time, cost and comfort | Each mode section self-contained so passage ranking can lift it independently | CTA block linking to /packages/from/ahmedabad | FAQ drawn verbatim from the queries this page targets, one per mode",ahmedabad to kashmir flight (104) ; ahmedabad to kashmir train (73) ; ahmedabad to kashmir flight ticket price (11) ; ahmedabad to kashmir train ticket price (9) ; ahmedabad to kashmir flight time (7) ; ahmedabad to kashmir by flight (4) ; ahmedabad to kashmir by train (3) ; flight from ahmedabad to kashmir (3)
102,3,route-pair,/routes/jaipur-to-kashmir,Jaipur to Kashmir,"Jaipur to Kashmir - Train, Flight & Road Compared | Glitz Holidays",jaipur to kashmir,15,208,17,0.0,1400-1900,"Answer the fastest/cheapest question in the first 100 words, before any mode detail | By air: Live fare band Jaipur to Kashmir, cheapest vs fastest carrier, and the booking-window rule | By air: Exact flight duration, direct vs one-stop, and which airport you actually land at | By rail: Actual train names and numbers on the Jaipur to Kashmir corridor with journey time | By rail: Where the railhead ends and the road leg begins (Katra/Jammu Tawi/Banihal) - most searchers do not know this | A single comparison table across by air / by rail for time, cost and comfort | Each mode section self-contained so passage ranking can lift it independently | CTA block linking to /packages/from/jaipur | FAQ drawn verbatim from the queries this page targets, one per mode",jaipur to kashmir flight (127) ; jaipur to kashmir train (17) ; jaipur to kashmir by train (13) ; jaipur to kashmir flight ticket price (9) ; jaipur to kashmir flight ticket (8) ; flight from jaipur to kashmir (7) ; train from jaipur to kashmir (6) ; jaipur to kashmir flight time (5)
103,3,route-pair,/routes/kolkata-to-srinagar,Kolkata to Srinagar,"Kolkata to Srinagar - Train, Flight & Road Compared | Glitz Holidays",kolkata to srinagar,23,207,7,1.0,1400-1900,"Answer the fastest/cheapest question in the first 100 words, before any mode detail | By air: Live fare band Kolkata to Srinagar, cheapest vs fastest carrier, and the booking-window rule | By air: Exact flight duration, direct vs one-stop, and which airport you actually land at | By rail: Actual train names and numbers on the Kolkata to Srinagar corridor with journey time | By rail: Where the railhead ends and the road leg begins (Katra/Jammu Tawi/Banihal) - most searchers do not know this | A single comparison table across by air / by rail for time, cost and comfort | Each mode section self-contained so passage ranking can lift it independently | CTA block linking to /packages/from/kolkata | FAQ drawn verbatim from the queries this page targets, one per mode",airfare from kolkata to srinagar (88) ; kolkata to srinagar flight (32) ; kolkata to srinagar train (25) ; kolkata to srinagar by train (17) ; kolkata to srinagar flight price (8) ; kolkata to srinagar flight ticket price (7) ; cheapest flight from kolkata to srinagar (6) ; kolkata to srinagar direct flight (3)
104,3,route-pair,/routes/ahmedabad-to-srinagar,Ahmedabad to Srinagar,"Ahmedabad to Srinagar - Train, Flight & Road Compared | Glitz Holidays",ahmedabad to srinagar,20,194,4,0.0,1400-1900,"Answer the fastest/cheapest question in the first 100 words, before any mode detail | By air: Live fare band Ahmedabad to Srinagar, cheapest vs fastest carrier, and the booking-window rule | By air: Exact flight duration, direct vs one-stop, and which airport you actually land at | By rail: Actual train names and numbers on the Ahmedabad to Srinagar corridor with journey time | By rail: Where the railhead ends and the road leg begins (Katra/Jammu Tawi/Banihal) - most searchers do not know this | A single comparison table across by air / by rail for time, cost and comfort | Each mode section self-contained so passage ranking can lift it independently | CTA block linking to /packages/from/ahmedabad | FAQ drawn verbatim from the queries this page targets, one per mode",airfare from ahmedabad to srinagar (109) ; ahmedabad to srinagar flight (32) ; ahmedabad to srinagar kashmir train (19) ; ahmedabad to srinagar train (6) ; ahmedabad to srinagar direct flight (5) ; indigo flight from ahmedabad to srinagar (3) ; direct flight from ahmedabad to srinagar (3) ; ahmedabad to srinagar flight rate (2)
105,3,route-pair,/routes/delhi-to-vaishno-devi,Delhi to Vaishno Devi,"Delhi to Vaishno Devi - Train, Flight & Road Compared | Glitz Holidays",delhi to vaishno devi,23,187,1,0.0,1400-1900,"Answer the fastest/cheapest question in the first 100 words, before any mode detail | By air: Live fare band Delhi to Vaishno Devi, cheapest vs fastest carrier, and the booking-window rule | By air: Exact flight duration, direct vs one-stop, and which airport you actually land at | By rail: Actual train names and numbers on the Delhi to Vaishno Devi corridor with journey time | By rail: Where the railhead ends and the road leg begins (Katra/Jammu Tawi/Banihal) - most searchers do not know this | By road: Road distance in km, realistic driving hours, and the Jawahar/Banihal tunnel reality | By road: Highway condition, winter closure risk, and the checkpoints that add time | A single comparison table across by air / by rail / by road for time, cost and comfort | Each mode section self-contained so passage ranking can lift it independently | CTA block linking to /packages/from/delhi | FAQ drawn verbatim from the queries this page targets, one per mode",delhi to mata vaishno devi yatra by train (63) ; delhi to vaishno devi by road (41) ; delhi to vaishno devi by train (14) ; how to go delhi to vaishno devi by train (12) ; delhi to mata vaishno devi yatra by train vande bharat express (11) ; delhi to shri mata vaishno devi katra train journey (9) ; delhi to vaishno devi flight package (7) ; best train from delhi to vaishno devi (5)
106,3,route-pair,/routes/katra-to-gulmarg,Katra to Gulmarg,"Katra to Gulmarg - Train, Flight & Road Compared | Glitz Holidays",katra to gulmarg,5,185,2,0.0,1400-1900,"Answer the fastest/cheapest question in the first 100 words, before any mode detail | By road: Road distance in km, realistic driving hours, and the Jawahar/Banihal tunnel reality | By road: Highway condition, winter closure risk, and the checkpoints that add time | A single comparison table across by road for time, cost and comfort | Each mode section self-contained so passage ranking can lift it independently | CTA block linking to /packages/from/katra | FAQ drawn verbatim from the queries this page targets, one per mode",katra to gulmarg by road (161) ; katra to gulmarg distance (10) ; katra to gulmarg taxi fare (9) ; katra to gulmarg by bus (4) ; katra to gulmarg distance taxi fare (1)
107,3,route-pair,/routes/jammu-to-gulmarg,Jammu to Gulmarg,"Jammu to Gulmarg - Train, Flight & Road Compared | Glitz Holidays",jammu to gulmarg,4,172,1,0.0,1400-1900,"Answer the fastest/cheapest question in the first 100 words, before any mode detail | By road: Road distance in km, realistic driving hours, and the Jawahar/Banihal tunnel reality | By road: Highway condition, winter closure risk, and the checkpoints that add time | A single comparison table across by road for time, cost and comfort | Each mode section self-contained so passage ranking can lift it independently | CTA block linking to /packages/from/jammu | FAQ drawn verbatim from the queries this page targets, one per mode",jammu to gulmarg by road (152) ; jammu to gulmarg taxi fare (10) ; jammu to gulmarg distance (8) ; jammu to gulmarg distance in km (2)
108,3,route-pair,/routes/srinagar-to-jammu,Srinagar to Jammu,"Srinagar to Jammu - Train, Flight & Road Compared | Glitz Holidays",srinagar to jammu,30,166,3,0.0,1400-1900,"Answer the fastest/cheapest question in the first 100 words, before any mode detail | By air: Live fare band Srinagar to Jammu, cheapest vs fastest carrier, and the booking-window rule | By air: Exact flight duration, direct vs one-stop, and which airport you actually land at | By rail: Actual train names and numbers on the Srinagar to Jammu corridor with journey time | By rail: Where the railhead ends and the road leg begins (Katra/Jammu Tawi/Banihal) - most searchers do not know this | By road: Road distance in km, realistic driving hours, and the Jawahar/Banihal tunnel reality | By road: Highway condition, winter closure risk, and the checkpoints that add time | A single comparison table across by air / by rail / by road for time, cost and comfort | Each mode section self-contained so passage ranking can lift it independently | CTA block linking to /packages/from/srinagar | FAQ drawn verbatim from the queries this page targets, one per mode",srinagar to jammu train (35) ; srinagar to jammu road (26) ; srinagar to jammu bus (17) ; srinagar to jammu taxi fare (14) ; airfare from srinagar to jammu (10) ; srinagar to jammu flight (9) ; srinagar to jammu by road (7) ; taxi srinagar to jammu (5)
109,3,route-pair,/routes/srinagar-to-leh,Srinagar to Leh,"Srinagar to Leh - Train, Flight & Road Compared | Glitz Holidays",srinagar to leh,36,164,5,0.0,1400-1900,"Answer the fastest/cheapest question in the first 100 words, before any mode detail | By air: Live fare band Srinagar to Leh, cheapest vs fastest carrier, and the booking-window rule | By air: Exact flight duration, direct vs one-stop, and which airport you actually land at | By rail: Actual train names and numbers on the Srinagar to Leh corridor with journey time | By rail: Where the railhead ends and the road leg begins (Katra/Jammu Tawi/Banihal) - most searchers do not know this | By road: Road distance in km, realistic driving hours, and the Jawahar/Banihal tunnel reality | By road: Highway condition, winter closure risk, and the checkpoints that add time | A single comparison table across by air / by rail / by road for time, cost and comfort | Each mode section self-contained so passage ranking can lift it independently | CTA block linking to /packages/from/srinagar | FAQ drawn verbatim from the queries this page targets, one per mode",srinagar to leh by bus (29) ; srinagar to leh by road (27) ; srinagar to leh road (17) ; srinagar to leh taxi service (13) ; srinagar to leh taxi fare (12) ; srinagar to leh taxi (8) ; srinagar to leh road trip (6) ; road trip from srinagar to leh (5)
110,3,route-pair,/routes/kochi-to-kashmir,Kochi to Kashmir,"Kochi to Kashmir - Train, Flight & Road Compared | Glitz Holidays",kochi to kashmir,11,159,22,1.0,1400-1900,"Answer the fastest/cheapest question in the first 100 words, before any mode detail | By air: Live fare band Kochi to Kashmir, cheapest vs fastest carrier, and the booking-window rule | By air: Exact flight duration, direct vs one-stop, and which airport you actually land at | A single comparison table across by air for time, cost and comfort | Each mode section self-contained so passage ranking can lift it independently | CTA block linking to /packages/from/kochi | FAQ drawn verbatim from the queries this page targets, one per mode",kochi to kashmir flight (122) ; kochi to kashmir flight price (7) ; flight from kochi to kashmir (6) ; kochi to kashmir flight ticket price (6) ; kochi to kashmir flight indigo (4) ; flight ticket from kochi to kashmir (4) ; kochi to kashmir flight charge (4) ; kochi to kashmir flight duration (3)
111,3,route-pair,/routes/guwahati-to-kashmir,Guwahati to Kashmir,"Guwahati to Kashmir - Train, Flight & Road Compared | Glitz Holidays",guwahati to kashmir,11,145,18,1.5,1400-1900,"Answer the fastest/cheapest question in the first 100 words, before any mode detail | By air: Live fare band Guwahati to Kashmir, cheapest vs fastest carrier, and the booking-window rule | By air: Exact flight duration, direct vs one-stop, and which airport you actually land at | By rail: Actual train names and numbers on the Guwahati to Kashmir corridor with journey time | By rail: Where the railhead ends and the road leg begins (Katra/Jammu Tawi/Banihal) - most searchers do not know this | A single comparison table across by air / by rail for time, cost and comfort | Each mode section self-contained so passage ranking can lift it independently | CTA block linking to /packages/from/guwahati | FAQ drawn verbatim from the queries this page targets, one per mode",guwahati to kashmir flight (81) ; guwahati to kashmir train (32) ; flight from guwahati to kashmir (9) ; guwahati to kashmir flight ticket price (9) ; guwahati to kashmir train ticket price (5) ; guwahati to kashmir flight time (3) ; guwahati to kashmir flight price (2) ; flight ticket from guwahati to kashmir (1)
112,3,route-pair,/routes/jammu-to-patnitop,Jammu to Patnitop,"Jammu to Patnitop - Train, Flight & Road Compared | Glitz Holidays",jammu to patnitop,4,137,0,0.0,1400-1900,"Answer the fastest/cheapest question in the first 100 words, before any mode detail | By road: Road distance in km, realistic driving hours, and the Jawahar/Banihal tunnel reality | By road: Highway condition, winter closure risk, and the checkpoints that add time | A single comparison table across by road for time, cost and comfort | Each mode section self-contained so passage ranking can lift it independently | CTA block linking to /packages/from/jammu | FAQ drawn verbatim from the queries this page targets, one per mode",jammu to patnitop by road (134) ; jammu to patnitop by bus (1) ; jammu to patnitop road (1) ; jammu to patnitop distance (1)
113,3,route-pair,/routes/hyderabad-to-srinagar,Hyderabad to Srinagar,"Hyderabad to Srinagar - Train, Flight & Road Compared | Glitz Holidays",hyderabad to srinagar,21,136,5,2.0,1400-1900,"Answer the fastest/cheapest question in the first 100 words, before any mode detail | By air: Live fare band Hyderabad to Srinagar, cheapest vs fastest carrier, and the booking-window rule | By air: Exact flight duration, direct vs one-stop, and which airport you actually land at | By rail: Actual train names and numbers on the Hyderabad to Srinagar corridor with journey time | By rail: Where the railhead ends and the road leg begins (Katra/Jammu Tawi/Banihal) - most searchers do not know this | By road: Road distance in km, realistic driving hours, and the Jawahar/Banihal tunnel reality | By road: Highway condition, winter closure risk, and the checkpoints that add time | A single comparison table across by air / by rail / by road for time, cost and comfort | Each mode section self-contained so passage ranking can lift it independently | CTA block linking to /packages/from/hyderabad | FAQ drawn verbatim from the queries this page targets, one per mode",airfare from hyderabad to srinagar (63) ; hyderabad to srinagar train (16) ; hyderabad to srinagar by train (13) ; hyderabad to srinagar flight (13) ; hyderabad to srinagar by road (5) ; hyderabad to srinagar flight indigo (5) ; hyderabad to srinagar direct flight indigo (3) ; trains from hyderabad to srinagar (2)
114,3,route-pair,/routes/amritsar-to-srinagar,Amritsar to Srinagar,"Amritsar to Srinagar - Train, Flight & Road Compared | Glitz Holidays",amritsar to srinagar,14,135,2,1.0,1400-1900,"Answer the fastest/cheapest question in the first 100 words, before any mode detail | By air: Live fare band Amritsar to Srinagar, cheapest vs fastest carrier, and the booking-window rule | By air: Exact flight duration, direct vs one-stop, and which airport you actually land at | By rail: Actual train names and numbers on the Amritsar to Srinagar corridor with journey time | By rail: Where the railhead ends and the road leg begins (Katra/Jammu Tawi/Banihal) - most searchers do not know this | By road: Road distance in km, realistic driving hours, and the Jawahar/Banihal tunnel reality | By road: Highway condition, winter closure risk, and the checkpoints that add time | A single comparison table across by air / by rail / by road for time, cost and comfort | Each mode section self-contained so passage ranking can lift it independently | CTA block linking to /packages/from/amritsar | FAQ drawn verbatim from the queries this page targets, one per mode",amritsar to srinagar by road (83) ; amritsar to srinagar train (25) ; amritsar to srinagar flight (5) ; amritsar to srinagar road trip (4) ; amritsar to srinagar by bus (3) ; amritsar to srinagar bus (3) ; amritsar to srinagar by train (3) ; amritsar to srinagar by flight price (2)
115,3,route-pair,/routes/new-delhi-to-kashmir,New Delhi to Kashmir,"New Delhi to Kashmir - Train, Flight & Road Compared | Glitz Holidays",new delhi to kashmir,10,130,3,0.0,1400-1900,"Answer the fastest/cheapest question in the first 100 words, before any mode detail | By air: Live fare band New Delhi to Kashmir, cheapest vs fastest carrier, and the booking-window rule | By air: Exact flight duration, direct vs one-stop, and which airport you actually land at | By rail: Actual train names and numbers on the New Delhi to Kashmir corridor with journey time | By rail: Where the railhead ends and the road leg begins (Katra/Jammu Tawi/Banihal) - most searchers do not know this | A single comparison table across by air / by rail for time, cost and comfort | Each mode section self-contained so passage ranking can lift it independently | CTA block linking to /packages/from/new-delhi | FAQ drawn verbatim from the queries this page targets, one per mode",new delhi to kashmir by train (94) ; new delhi to kashmir flight (17) ; new delhi to kashmir train (12) ; new delhi to jammu kashmir train ticket price (1) ; new delhi to jammu kashmir train (1) ; train from new delhi to kashmir (1) ; new delhi to kashmir train route (1) ; new delhi to kashmir flight ticket price (1)
116,3,route-pair,/routes/delhi-to-jammu,Delhi to Jammu,"Delhi to Jammu - Train, Flight & Road Compared | Glitz Holidays",delhi to jammu,12,128,0,0.0,1400-1900,"Answer the fastest/cheapest question in the first 100 words, before any mode detail | By air: Live fare band Delhi to Jammu, cheapest vs fastest carrier, and the booking-window rule | By air: Exact flight duration, direct vs one-stop, and which airport you actually land at | By road: Road distance in km, realistic driving hours, and the Jawahar/Banihal tunnel reality | By road: Highway condition, winter closure risk, and the checkpoints that add time | A single comparison table across by air / by road for time, cost and comfort | Each mode section self-contained so passage ranking can lift it independently | CTA block linking to /packages/from/delhi | FAQ drawn verbatim from the queries this page targets, one per mode",delhi to jammu by road (106) ; delhi to jammu road trip (7) ; delhi to jammu flight ticket (3) ; delhi to jammu flight (3) ; delhi to jammu flight low price (2) ; delhi to jammu by flight (1) ; flight fair from delhi to jammu (1) ; flight from delhi to jammu price (1)
117,3,route-pair,/routes/jammu-tawi-to-srinagar,Jammu Tawi to Srinagar,"Jammu Tawi to Srinagar - Train, Flight & Road Compared | Glitz Holidays",jammu tawi to srinagar,10,127,0,0.0,1400-1900,"Answer the fastest/cheapest question in the first 100 words, before any mode detail | By rail: Actual train names and numbers on the Jammu Tawi to Srinagar corridor with journey time | By rail: Where the railhead ends and the road leg begins (Katra/Jammu Tawi/Banihal) - most searchers do not know this | By road: Road distance in km, realistic driving hours, and the Jawahar/Banihal tunnel reality | By road: Highway condition, winter closure risk, and the checkpoints that add time | A single comparison table across by rail / by road for time, cost and comfort | Each mode section self-contained so passage ranking can lift it independently | CTA block linking to /packages/from/jammu-tawi | FAQ drawn verbatim from the queries this page targets, one per mode",jammu tawi to srinagar by road (92) ; jammu tawi to srinagar by train (23) ; jammu tawi to srinagar by bus (2) ; jammu tawi to srinagar km (2) ; jammu tawi to srinagar train malayalam (2) ; jammu tawi to srinagar kashmir trains (2) ; jammu tawi to srinagar distance (1) ; jammu tawi to srinagar cab (1)
118,3,route-pair,/routes/srinagar-to-katra,Srinagar to Katra,"Srinagar to Katra - Train, Flight & Road Compared | Glitz Holidays",srinagar to katra,8,118,0,0.0,1400-1900,"Answer the fastest/cheapest question in the first 100 words, before any mode detail | By rail: Actual train names and numbers on the Srinagar to Katra corridor with journey time | By rail: Where the railhead ends and the road leg begins (Katra/Jammu Tawi/Banihal) - most searchers do not know this | By road: Road distance in km, realistic driving hours, and the Jawahar/Banihal tunnel reality | By road: Highway condition, winter closure risk, and the checkpoints that add time | A single comparison table across by rail / by road for time, cost and comfort | Each mode section self-contained so passage ranking can lift it independently | CTA block linking to /packages/from/srinagar | FAQ drawn verbatim from the queries this page targets, one per mode",srinagar to katra by road (72) ; srinagar to katra train (28) ; srinagar to katra by train (8) ; srinagar to katra bus (3) ; srinagar to katra railway (2) ; srinagar to katra by bus (2) ; srinagar to katra distance (2) ; srinagar to katra taxi (1)
119,3,route-pair,/routes/leh-to-srinagar,Leh to Srinagar,"Leh to Srinagar - Train, Flight & Road Compared | Glitz Holidays",leh to srinagar,6,115,1,0.0,1400-1900,"Answer the fastest/cheapest question in the first 100 words, before any mode detail | By road: Road distance in km, realistic driving hours, and the Jawahar/Banihal tunnel reality | By road: Highway condition, winter closure risk, and the checkpoints that add time | A single comparison table across by road for time, cost and comfort | Each mode section self-contained so passage ranking can lift it independently | CTA block linking to /packages/from/leh | FAQ drawn verbatim from the queries this page targets, one per mode",leh to srinagar by road (75) ; leh to srinagar by bus (21) ; leh to srinagar road trip (9) ; leh to srinagar road (5) ; leh to srinagar bus (3) ; leh to srinagar taxi (2)
120,3,route-pair,/routes/pathankot-to-srinagar,Pathankot to Srinagar,"Pathankot to Srinagar - Train, Flight & Road Compared | Glitz Holidays",pathankot to srinagar,3,114,0,0.0,1400-1900,"Answer the fastest/cheapest question in the first 100 words, before any mode detail | By road: Road distance in km, realistic driving hours, and the Jawahar/Banihal tunnel reality | By road: Highway condition, winter closure risk, and the checkpoints that add time | A single comparison table across by road for time, cost and comfort | Each mode section self-contained so passage ranking can lift it independently | CTA block linking to /packages/from/pathankot | FAQ drawn verbatim from the queries this page targets, one per mode",pathankot to srinagar road (99) ; pathankot to srinagar by road (14) ; pathankot to srinagar bus (1)
121,3,route-pair,/routes/indore-to-kashmir,Indore to Kashmir,"Indore to Kashmir - Train, Flight & Road Compared | Glitz Holidays",indore to kashmir,7,112,10,0.0,1400-1900,"Answer the fastest/cheapest question in the first 100 words, before any mode detail | By air: Live fare band Indore to Kashmir, cheapest vs fastest carrier, and the booking-window rule | By air: Exact flight duration, direct vs one-stop, and which airport you actually land at | By rail: Actual train names and numbers on the Indore to Kashmir corridor with journey time | By rail: Where the railhead ends and the road leg begins (Katra/Jammu Tawi/Banihal) - most searchers do not know this | A single comparison table across by air / by rail for time, cost and comfort | Each mode section self-contained so passage ranking can lift it independently | CTA block linking to /packages/from/indore | FAQ drawn verbatim from the queries this page targets, one per mode",indore to kashmir flight (51) ; indore to kashmir train (32) ; indore to kashmir by train (14) ; indore to kashmir flight ticket price (10) ; indore to kashmir flight price (3) ; indore to kashmir train ticket price (1) ; indore to kashmir flight ticket (1)
122,3,route-pair,/routes/jammu-to-katra,Jammu to Katra,"Jammu to Katra - Train, Flight & Road Compared | Glitz Holidays",jammu to katra,8,111,0,0.0,1400-1900,"Answer the fastest/cheapest question in the first 100 words, before any mode detail | By air: Live fare band Jammu to Katra, cheapest vs fastest carrier, and the booking-window rule | By air: Exact flight duration, direct vs one-stop, and which airport you actually land at | By road: Road distance in km, realistic driving hours, and the Jawahar/Banihal tunnel reality | By road: Highway condition, winter closure risk, and the checkpoints that add time | A single comparison table across by air / by road for time, cost and comfort | Each mode section self-contained so passage ranking can lift it independently | CTA block linking to /packages/from/jammu | FAQ drawn verbatim from the queries this page targets, one per mode",jammu airport to katra (79) ; jammu to katra by road (21) ; jammu to katra road trip (4) ; jammu to katra bus (3) ; jammu to katra road (1) ; jammu to katra bus ticket price (1) ; jammu airport to katra helipad (1) ; jammu airport to katra fare (1)
123,3,route-pair,/routes/nagpur-to-kashmir,Nagpur to Kashmir,"Nagpur to Kashmir - Train, Flight & Road Compared | Glitz Holidays",nagpur to kashmir,12,107,8,0.0,1400-1900,"Answer the fastest/cheapest question in the first 100 words, before any mode detail | By air: Live fare band Nagpur to Kashmir, cheapest vs fastest carrier, and the booking-window rule | By air: Exact flight duration, direct vs one-stop, and which airport you actually land at | By rail: Actual train names and numbers on the Nagpur to Kashmir corridor with journey time | By rail: Where the railhead ends and the road leg begins (Katra/Jammu Tawi/Banihal) - most searchers do not know this | A single comparison table across by air / by rail for time, cost and comfort | Each mode section self-contained so passage ranking can lift it independently | CTA block linking to /packages/from/nagpur | FAQ drawn verbatim from the queries this page targets, one per mode",nagpur to kashmir flight (46) ; nagpur to kashmir by train (36) ; nagpur to kashmir train (9) ; nagpur to kashmir flight ticket price (7) ; nagpur to kashmir train price (2) ; train from nagpur to kashmir (1) ; nagpur to jammu kashmir train (1) ; nagpur to kashmir train ticket price (1)
124,3,route-pair,/routes/jaipur-to-srinagar,Jaipur to Srinagar,"Jaipur to Srinagar - Train, Flight & Road Compared | Glitz Holidays",jaipur to srinagar,12,107,6,1.0,1400-1900,"Answer the fastest/cheapest question in the first 100 words, before any mode detail | By air: Live fare band Jaipur to Srinagar, cheapest vs fastest carrier, and the booking-window rule | By air: Exact flight duration, direct vs one-stop, and which airport you actually land at | By rail: Actual train names and numbers on the Jaipur to Srinagar corridor with journey time | By rail: Where the railhead ends and the road leg begins (Katra/Jammu Tawi/Banihal) - most searchers do not know this | A single comparison table across by air / by rail for time, cost and comfort | Each mode section self-contained so passage ranking can lift it independently | CTA block linking to /packages/from/jaipur | FAQ drawn verbatim from the queries this page targets, one per mode",airfare from jaipur to srinagar (34) ; jaipur to srinagar flight (30) ; jaipur to srinagar train (16) ; jaipur to srinagar flight indigo (5) ; jaipur to srinagar direct flight (4) ; jaipur to srinagar kashmir train (4) ; jaipur to srinagar by train (4) ; flight from jaipur to srinagar (3)
125,3,route-pair,/routes/katra-to-patnitop,Katra to Patnitop,"Katra to Patnitop - Train, Flight & Road Compared | Glitz Holidays",katra to patnitop,7,95,2,0.0,1400-1900,"Answer the fastest/cheapest question in the first 100 words, before any mode detail | By road: Road distance in km, realistic driving hours, and the Jawahar/Banihal tunnel reality | By road: Highway condition, winter closure risk, and the checkpoints that add time | A single comparison table across by road for time, cost and comfort | Each mode section self-contained so passage ranking can lift it independently | CTA block linking to /packages/from/katra | FAQ drawn verbatim from the queries this page targets, one per mode",katra to patnitop by road (70) ; katra to patnitop distance (11) ; katra to patnitop by bus (7) ; katra to patnitop road (4) ; katra to patnitop taxi fare (1) ; katra to patnitop by taxi (1) ; katra to patnitop ropeway distance (1)
126,3,route-pair,/routes/dehradun-to-kashmir,Dehradun to Kashmir,"Dehradun to Kashmir - Train, Flight & Road Compared | Glitz Holidays",dehradun to kashmir,8,86,6,0.0,1400-1900,"Answer the fastest/cheapest question in the first 100 words, before any mode detail | By air: Live fare band Dehradun to Kashmir, cheapest vs fastest carrier, and the booking-window rule | By air: Exact flight duration, direct vs one-stop, and which airport you actually land at | By rail: Actual train names and numbers on the Dehradun to Kashmir corridor with journey time | By rail: Where the railhead ends and the road leg begins (Katra/Jammu Tawi/Banihal) - most searchers do not know this | A single comparison table across by air / by rail for time, cost and comfort | Each mode section self-contained so passage ranking can lift it independently | CTA block linking to /packages/from/dehradun | FAQ drawn verbatim from the queries this page targets, one per mode",dehradun to kashmir flight (54) ; dehradun to kashmir by train (15) ; dehradun to kashmir flight ticket price (8) ; flight from dehradun to kashmir (3) ; dehradun to kashmir flight time (2) ; dehradun to kashmir train (2) ; dehradun to kashmir flight price (1) ; train from dehradun to kashmir (1)
127,3,route-pair,/routes/kanpur-to-kashmir,Kanpur to Kashmir,"Kanpur to Kashmir - Train, Flight & Road Compared | Glitz Holidays",kanpur to kashmir,3,84,1,0.0,1400-1900,"Answer the fastest/cheapest question in the first 100 words, before any mode detail | By rail: Actual train names and numbers on the Kanpur to Kashmir corridor with journey time | By rail: Where the railhead ends and the road leg begins (Katra/Jammu Tawi/Banihal) - most searchers do not know this | A single comparison table across by rail for time, cost and comfort | Each mode section self-contained so passage ranking can lift it independently | CTA block linking to /packages/from/kanpur | FAQ drawn verbatim from the queries this page targets, one per mode",kanpur to kashmir by train (80) ; train from kanpur to kashmir (2) ; kanpur to kashmir train (2)
128,3,route-pair,/routes/chennai-to-srinagar,Chennai to Srinagar,"Chennai to Srinagar - Train, Flight & Road Compared | Glitz Holidays",chennai to srinagar,12,81,1,0.0,1400-1900,"Answer the fastest/cheapest question in the first 100 words, before any mode detail | By air: Live fare band Chennai to Srinagar, cheapest vs fastest carrier, and the booking-window rule | By air: Exact flight duration, direct vs one-stop, and which airport you actually land at | By rail: Actual train names and numbers on the Chennai to Srinagar corridor with journey time | By rail: Where the railhead ends and the road leg begins (Katra/Jammu Tawi/Banihal) - most searchers do not know this | A single comparison table across by air / by rail for time, cost and comfort | Each mode section self-contained so passage ranking can lift it independently | CTA block linking to /packages/from/chennai | FAQ drawn verbatim from the queries this page targets, one per mode",airfare from chennai to srinagar (52) ; chennai to srinagar train (14) ; chennai to srinagar flight (4) ; kashmir trip chennai to srinagar my flight journey experience (2) ; chennai to srinagar flight indigo (2) ; chennai to srinagar cheapest flight (1) ; kashmir trip chennai to srinagar my flight journey experience in tamil (1) ; chennai to srinagar flight ticket price (1)
129,3,route-pair,/routes/jalandhar-to-srinagar,Jalandhar to Srinagar,"Jalandhar to Srinagar - Train, Flight & Road Compared | Glitz Holidays",jalandhar to srinagar,6,71,1,0.0,1400-1900,"Answer the fastest/cheapest question in the first 100 words, before any mode detail | By rail: Actual train names and numbers on the Jalandhar to Srinagar corridor with journey time | By rail: Where the railhead ends and the road leg begins (Katra/Jammu Tawi/Banihal) - most searchers do not know this | By road: Road distance in km, realistic driving hours, and the Jawahar/Banihal tunnel reality | By road: Highway condition, winter closure risk, and the checkpoints that add time | A single comparison table across by rail / by road for time, cost and comfort | Each mode section self-contained so passage ranking can lift it independently | CTA block linking to /packages/from/jalandhar | FAQ drawn verbatim from the queries this page targets, one per mode",jalandhar to srinagar by road (59) ; jalandhar to srinagar by train (7) ; jalandhar to srinagar by bus (2) ; jalandhar to srinagar bus (1) ; train from jalandhar to srinagar (1) ; trains from jalandhar to srinagar (1)
130,3,route-pair,/routes/howrah-to-srinagar,Howrah to Srinagar,"Howrah to Srinagar - Train, Flight & Road Compared | Glitz Holidays",howrah to srinagar,4,71,1,1.0,1400-1900,"Answer the fastest/cheapest question in the first 100 words, before any mode detail | By rail: Actual train names and numbers on the Howrah to Srinagar corridor with journey time | By rail: Where the railhead ends and the road leg begins (Katra/Jammu Tawi/Banihal) - most searchers do not know this | A single comparison table across by rail for time, cost and comfort | Each mode section self-contained so passage ranking can lift it independently | CTA block linking to /packages/from/howrah | FAQ drawn verbatim from the queries this page targets, one per mode",howrah to srinagar kashmir train (68) ; howrah to srinagar train (1) ; train from howrah to srinagar kashmir (1) ; howrah to srinagar train ticket price (1)
131,3,route-pair,/routes/kochi-to-srinagar,Kochi to Srinagar,"Kochi to Srinagar - Train, Flight & Road Compared | Glitz Holidays",kochi to srinagar,4,65,5,0.0,1400-1900,"Answer the fastest/cheapest question in the first 100 words, before any mode detail | By air: Live fare band Kochi to Srinagar, cheapest vs fastest carrier, and the booking-window rule | By air: Exact flight duration, direct vs one-stop, and which airport you actually land at | A single comparison table across by air for time, cost and comfort | Each mode section self-contained so passage ranking can lift it independently | CTA block linking to /packages/from/kochi | FAQ drawn verbatim from the queries this page targets, one per mode",airfare from kochi to srinagar (43) ; kochi to srinagar flight indigo (16) ; kochi to srinagar flight ticket (3) ; kochi to srinagar flight (3)
132,3,route-pair,/routes/lucknow-to-srinagar,Lucknow to Srinagar,"Lucknow to Srinagar - Train, Flight & Road Compared | Glitz Holidays",lucknow to srinagar,9,61,2,0.0,1400-1900,"Answer the fastest/cheapest question in the first 100 words, before any mode detail | By air: Live fare band Lucknow to Srinagar, cheapest vs fastest carrier, and the booking-window rule | By air: Exact flight duration, direct vs one-stop, and which airport you actually land at | By rail: Actual train names and numbers on the Lucknow to Srinagar corridor with journey time | By rail: Where the railhead ends and the road leg begins (Katra/Jammu Tawi/Banihal) - most searchers do not know this | A single comparison table across by air / by rail for time, cost and comfort | Each mode section self-contained so passage ranking can lift it independently | CTA block linking to /packages/from/lucknow | FAQ drawn verbatim from the queries this page targets, one per mode",lucknow to srinagar by train (25) ; airfare from lucknow to srinagar (19) ; lucknow to srinagar flight (7) ; train from lucknow to srinagar (3) ; lucknow to srinagar train (3) ; lucknow to srinagar flight indigo price (1) ; lucknow to srinagar flight ticket (1) ; lucknow to srinagar flight ticket price (1)
133,3,route-pair,/routes/srinagar-to-kashmir,Srinagar to Kashmir,"Srinagar to Kashmir - Train, Flight & Road Compared | Glitz Holidays",srinagar to kashmir,6,51,2,0.0,1400-1900,"Answer the fastest/cheapest question in the first 100 words, before any mode detail | By road: Road distance in km, realistic driving hours, and the Jawahar/Banihal tunnel reality | By road: Highway condition, winter closure risk, and the checkpoints that add time | A single comparison table across by road for time, cost and comfort | Each mode section self-contained so passage ranking can lift it independently | CTA block linking to /packages/from/srinagar | FAQ drawn verbatim from the queries this page targets, one per mode",srinagar to kashmir road (33) ; srinagar to kashmir distance (8) ; srinagar to kashmir by road (6) ; srinagar to kashmir taxi fare (2) ; srinagar to kashmir km (1) ; srinagar to kashmir distance by road (1)
134,3,route-pair,/routes/indore-to-srinagar,Indore to Srinagar,"Indore to Srinagar - Train, Flight & Road Compared | Glitz Holidays",indore to srinagar,7,51,3,1.0,1400-1900,"Answer the fastest/cheapest question in the first 100 words, before any mode detail | By air: Live fare band Indore to Srinagar, cheapest vs fastest carrier, and the booking-window rule | By air: Exact flight duration, direct vs one-stop, and which airport you actually land at | A single comparison table across by air for time, cost and comfort | Each mode section self-contained so passage ranking can lift it independently | CTA block linking to /packages/from/indore | FAQ drawn verbatim from the queries this page targets, one per mode",indore to srinagar flight (25) ; airfare from indore to srinagar (16) ; indore to srinagar flight indigo (4) ; indore to srinagar direct flight (2) ; flight indore to srinagar (2) ; indore to srinagar flight ticket price (1) ; flight from indore to srinagar (1)
135,3,route-pair,/routes/trivandrum-to-kashmir,Trivandrum to Kashmir,"Trivandrum to Kashmir - Train, Flight & Road Compared | Glitz Holidays",trivandrum to kashmir,8,48,5,1.0,1400-1900,"Answer the fastest/cheapest question in the first 100 words, before any mode detail | By air: Live fare band Trivandrum to Kashmir, cheapest vs fastest carrier, and the booking-window rule | By air: Exact flight duration, direct vs one-stop, and which airport you actually land at | By rail: Actual train names and numbers on the Trivandrum to Kashmir corridor with journey time | By rail: Where the railhead ends and the road leg begins (Katra/Jammu Tawi/Banihal) - most searchers do not know this | A single comparison table across by air / by rail for time, cost and comfort | Each mode section self-contained so passage ranking can lift it independently | CTA block linking to /packages/from/trivandrum | FAQ drawn verbatim from the queries this page targets, one per mode",trivandrum to kashmir flight (29) ; trivandrum to kashmir train (7) ; trivandrum to kashmir flight ticket price (7) ; train from trivandrum to kashmir (1) ; trivandrum to kashmir train ticket price (1) ; trivandrum to jammu kashmir train (1) ; trivandrum to kashmir flight rate (1) ; trivandrum to kashmir flight time (1)
136,3,route-pair,/routes/patna-to-kashmir,Patna to Kashmir,"Patna to Kashmir - Train, Flight & Road Compared | Glitz Holidays",patna to kashmir,7,47,3,1.0,1400-1900,"Answer the fastest/cheapest question in the first 100 words, before any mode detail | By air: Live fare band Patna to Kashmir, cheapest vs fastest carrier, and the booking-window rule | By air: Exact flight duration, direct vs one-stop, and which airport you actually land at | By rail: Actual train names and numbers on the Patna to Kashmir corridor with journey time | By rail: Where the railhead ends and the road leg begins (Katra/Jammu Tawi/Banihal) - most searchers do not know this | A single comparison table across by air / by rail for time, cost and comfort | Each mode section self-contained so passage ranking can lift it independently | CTA block linking to /packages/from/patna | FAQ drawn verbatim from the queries this page targets, one per mode",patna to kashmir flight (22) ; patna to kashmir by train (10) ; patna to kashmir flight ticket price (5) ; patna to kashmir train (4) ; flight from patna to kashmir (3) ; patna to kashmir flight price (2) ; patna to jammu kashmir train ticket price (1)
137,3,route-pair,/routes/raipur-to-kashmir,Raipur to Kashmir,"Raipur to Kashmir - Train, Flight & Road Compared | Glitz Holidays",raipur to kashmir,8,41,2,0.0,1400-1900,"Answer the fastest/cheapest question in the first 100 words, before any mode detail | By air: Live fare band Raipur to Kashmir, cheapest vs fastest carrier, and the booking-window rule | By air: Exact flight duration, direct vs one-stop, and which airport you actually land at | By rail: Actual train names and numbers on the Raipur to Kashmir corridor with journey time | By rail: Where the railhead ends and the road leg begins (Katra/Jammu Tawi/Banihal) - most searchers do not know this | A single comparison table across by air / by rail for time, cost and comfort | Each mode section self-contained so passage ranking can lift it independently | CTA block linking to /packages/from/raipur | FAQ drawn verbatim from the queries this page targets, one per mode",raipur to kashmir flight (31) ; flight from raipur to kashmir (3) ; raipur to kashmir flight ticket (2) ; raipur to kashmir flight ticket price (1) ; raipur to jammu kashmir flight (1) ; raipur to jammu kashmir train ticket price (1) ; raipur to jammu kashmir train (1) ; raipur to kashmir train (1)
138,3,route-pair,/routes/bhopal-to-kashmir,Bhopal to Kashmir,"Bhopal to Kashmir - Train, Flight & Road Compared | Glitz Holidays",bhopal to kashmir,6,39,1,0.0,1400-1900,"Answer the fastest/cheapest question in the first 100 words, before any mode detail | By air: Live fare band Bhopal to Kashmir, cheapest vs fastest carrier, and the booking-window rule | By air: Exact flight duration, direct vs one-stop, and which airport you actually land at | A single comparison table across by air for time, cost and comfort | Each mode section self-contained so passage ranking can lift it independently | CTA block linking to /packages/from/bhopal | FAQ drawn verbatim from the queries this page targets, one per mode",bhopal to kashmir flight (24) ; bhopal to kashmir flight ticket price (9) ; flight from bhopal to kashmir (3) ; bhopal to kashmir flight price (1) ; bhopal to jammu kashmir flight (1) ; bhopal to kashmir flight ticket (1)
139,3,route-pair,/routes/vadodara-to-kashmir,Vadodara to Kashmir,"Vadodara to Kashmir - Train, Flight & Road Compared | Glitz Holidays",vadodara to kashmir,7,36,4,0.0,1400-1900,"Answer the fastest/cheapest question in the first 100 words, before any mode detail | By air: Live fare band Vadodara to Kashmir, cheapest vs fastest carrier, and the booking-window rule | By air: Exact flight duration, direct vs one-stop, and which airport you actually land at | By rail: Actual train names and numbers on the Vadodara to Kashmir corridor with journey time | By rail: Where the railhead ends and the road leg begins (Katra/Jammu Tawi/Banihal) - most searchers do not know this | A single comparison table across by air / by rail for time, cost and comfort | Each mode section self-contained so passage ranking can lift it independently | CTA block linking to /packages/from/vadodara | FAQ drawn verbatim from the queries this page targets, one per mode",vadodara to kashmir flight (25) ; vadodara to kashmir flight ticket price (3) ; vadodara to kashmir by train (2) ; vadodara to jammu kashmir katra train (2) ; vadodara to kashmir flight price (2) ; vadodara to kashmir train (1) ; vadodara to kashmir train ticket price (1)
140,3,route-pair,/routes/nagpur-to-srinagar,Nagpur to Srinagar,"Nagpur to Srinagar - Train, Flight & Road Compared | Glitz Holidays",nagpur to srinagar,6,35,0,0.0,1400-1900,"Answer the fastest/cheapest question in the first 100 words, before any mode detail | By air: Live fare band Nagpur to Srinagar, cheapest vs fastest carrier, and the booking-window rule | By air: Exact flight duration, direct vs one-stop, and which airport you actually land at | A single comparison table across by air for time, cost and comfort | Each mode section self-contained so passage ranking can lift it independently | CTA block linking to /packages/from/nagpur | FAQ drawn verbatim from the queries this page targets, one per mode",airfare from nagpur to srinagar (15) ; nagpur to srinagar flight (13) ; nagpur to srinagar flight indigo (3) ; nagpur to srinagar flight ticket price (2) ; nagpur to srinagar direct flight (1) ; nagpur to srinagar flight price (1)
141,3,route-pair,/routes/varanasi-to-kashmir,Varanasi to Kashmir,"Varanasi to Kashmir - Train, Flight & Road Compared | Glitz Holidays",varanasi to kashmir,5,31,3,0.0,1400-1900,"Answer the fastest/cheapest question in the first 100 words, before any mode detail | By air: Live fare band Varanasi to Kashmir, cheapest vs fastest carrier, and the booking-window rule | By air: Exact flight duration, direct vs one-stop, and which airport you actually land at | A single comparison table across by air for time, cost and comfort | Each mode section self-contained so passage ranking can lift it independently | CTA block linking to /packages/from/varanasi | FAQ drawn verbatim from the queries this page targets, one per mode",varanasi to kashmir flight (24) ; varanasi to kashmir flight ticket price (3) ; flight from varanasi to kashmir (2) ; varanasi to kashmir flight ticket (1) ; varanasi to jammu & kashmir flight ticket price (1)
142,3,route-pair,/routes/coimbatore-to-kashmir,Coimbatore to Kashmir,"Coimbatore to Kashmir - Train, Flight & Road Compared | Glitz Holidays",coimbatore to kashmir,4,29,3,1.0,1400-1900,"Answer the fastest/cheapest question in the first 100 words, before any mode detail | By air: Live fare band Coimbatore to Kashmir, cheapest vs fastest carrier, and the booking-window rule | By air: Exact flight duration, direct vs one-stop, and which airport you actually land at | A single comparison table across by air for time, cost and comfort | Each mode section self-contained so passage ranking can lift it independently | CTA block linking to /packages/from/coimbatore | FAQ drawn verbatim from the queries this page targets, one per mode",coimbatore to kashmir flight (21) ; coimbatore to kashmir flight ticket price (5) ; coimbatore to kashmir flight travel time (2) ; flight from coimbatore to kashmir (1)
143,3,route-pair,/routes/ranchi-to-kashmir,Ranchi to Kashmir,"Ranchi to Kashmir - Train, Flight & Road Compared | Glitz Holidays",ranchi to kashmir,4,27,1,0.0,1400-1900,"Answer the fastest/cheapest question in the first 100 words, before any mode detail | By air: Live fare band Ranchi to Kashmir, cheapest vs fastest carrier, and the booking-window rule | By air: Exact flight duration, direct vs one-stop, and which airport you actually land at | A single comparison table across by air for time, cost and comfort | Each mode section self-contained so passage ranking can lift it independently | CTA block linking to /packages/from/ranchi | FAQ drawn verbatim from the queries this page targets, one per mode",ranchi to kashmir flight (20) ; ranchi to kashmir flight ticket price (4) ; ranchi to kashmir flight price (2) ; flight from ranchi to kashmir (1)
144,3,route-pair,/routes/mangalore-to-kashmir,Mangalore to Kashmir,"Mangalore to Kashmir - Train, Flight & Road Compared | Glitz Holidays",mangalore to kashmir,7,24,2,0.5,1400-1900,"Answer the fastest/cheapest question in the first 100 words, before any mode detail | By air: Live fare band Mangalore to Kashmir, cheapest vs fastest carrier, and the booking-window rule | By air: Exact flight duration, direct vs one-stop, and which airport you actually land at | By rail: Actual train names and numbers on the Mangalore to Kashmir corridor with journey time | By rail: Where the railhead ends and the road leg begins (Katra/Jammu Tawi/Banihal) - most searchers do not know this | A single comparison table across by air / by rail for time, cost and comfort | Each mode section self-contained so passage ranking can lift it independently | CTA block linking to /packages/from/mangalore | FAQ drawn verbatim from the queries this page targets, one per mode",mangalore to kashmir train (10) ; mangalore to kashmir flight (8) ; mangalore to kashmir flight ticket price (2) ; mangalore to kashmir flight price (1) ; mangalore to kashmir flight ticket (1) ; mangalore to kashmir train ticket price (1) ; train from mangalore to kashmir (1)
145,3,route-pair,/routes/ludhiana-to-kashmir,Ludhiana to Kashmir,"Ludhiana to Kashmir - Train, Flight & Road Compared | Glitz Holidays",ludhiana to kashmir,3,24,0,0.0,1400-1900,"Answer the fastest/cheapest question in the first 100 words, before any mode detail | By road: Road distance in km, realistic driving hours, and the Jawahar/Banihal tunnel reality | By road: Highway condition, winter closure risk, and the checkpoints that add time | A single comparison table across by road for time, cost and comfort | Each mode section self-contained so passage ranking can lift it independently | CTA block linking to /packages/from/ludhiana | FAQ drawn verbatim from the queries this page targets, one per mode",ludhiana to kashmir by road (22) ; ludhiana to kashmir bus (1) ; ludhiana to kashmir km (1)
146,3,route-pair,/routes/dehradun-to-srinagar,Dehradun to Srinagar,"Dehradun to Srinagar - Train, Flight & Road Compared | Glitz Holidays",dehradun to srinagar,9,22,0,0.0,1400-1900,"Answer the fastest/cheapest question in the first 100 words, before any mode detail | By air: Live fare band Dehradun to Srinagar, cheapest vs fastest carrier, and the booking-window rule | By air: Exact flight duration, direct vs one-stop, and which airport you actually land at | By road: Road distance in km, realistic driving hours, and the Jawahar/Banihal tunnel reality | By road: Highway condition, winter closure risk, and the checkpoints that add time | A single comparison table across by air / by road for time, cost and comfort | Each mode section self-contained so passage ranking can lift it independently | CTA block linking to /packages/from/dehradun | FAQ drawn verbatim from the queries this page targets, one per mode",dehradun to srinagar flight (11) ; dehradun to srinagar by road (4) ; dehradun to srinagar garhwal bus timings (1) ; dehradun to srinagar bus (1) ; airfare from dehradun to srinagar (1) ; dehradun to srinagar flight ticket price (1) ; dehradun to srinagar direct flight (1) ; dehradun to srinagar kashmir flight (1)
147,3,route-pair,/routes/mumbai-to-gulmarg,Mumbai to Gulmarg,"Mumbai to Gulmarg - Train, Flight & Road Compared | Glitz Holidays",mumbai to gulmarg,3,21,3,0.0,1400-1900,"Answer the fastest/cheapest question in the first 100 words, before any mode detail | By rail: Actual train names and numbers on the Mumbai to Gulmarg corridor with journey time | By rail: Where the railhead ends and the road leg begins (Katra/Jammu Tawi/Banihal) - most searchers do not know this | A single comparison table across by rail for time, cost and comfort | Each mode section self-contained so passage ranking can lift it independently | CTA block linking to /packages/from/mumbai | FAQ drawn verbatim from the queries this page targets, one per mode",mumbai to gulmarg by train (14) ; mumbai to gulmarg train ticket price (6) ; mumbai to gulmarg train (1)
148,3,route-pair,/routes/mumbai-to-vaishno-devi,Mumbai to Vaishno Devi,"Mumbai to Vaishno Devi - Train, Flight & Road Compared | Glitz Holidays",mumbai to vaishno devi,8,20,1,0.0,1400-1900,"Answer the fastest/cheapest question in the first 100 words, before any mode detail | By air: Live fare band Mumbai to Vaishno Devi, cheapest vs fastest carrier, and the booking-window rule | By air: Exact flight duration, direct vs one-stop, and which airport you actually land at | By rail: Actual train names and numbers on the Mumbai to Vaishno Devi corridor with journey time | By rail: Where the railhead ends and the road leg begins (Katra/Jammu Tawi/Banihal) - most searchers do not know this | A single comparison table across by air / by rail for time, cost and comfort | Each mode section self-contained so passage ranking can lift it independently | CTA block linking to /packages/from/mumbai | FAQ drawn verbatim from the queries this page targets, one per mode",mumbai to vaishno devi flight (3) ; mumbai to vaishno devi by flight (3) ; mumbai to vaishno devi flight package (3) ; mumbai to vaishno devi flight ticket price (3) ; mumbai to vaishno devi train package (3) ; flight from mumbai to vaishno devi (2) ; mumbai to vaishno devi yatra by train (2) ; mumbai to shri mata vaishno devi train (1)
149,3,route-pair,/routes/patna-to-srinagar,Patna to Srinagar,"Patna to Srinagar - Train, Flight & Road Compared | Glitz Holidays",patna to srinagar,3,19,0,0.0,1400-1900,"Answer the fastest/cheapest question in the first 100 words, before any mode detail | By air: Live fare band Patna to Srinagar, cheapest vs fastest carrier, and the booking-window rule | By air: Exact flight duration, direct vs one-stop, and which airport you actually land at | A single comparison table across by air for time, cost and comfort | Each mode section self-contained so passage ranking can lift it independently | CTA block linking to /packages/from/patna | FAQ drawn verbatim from the queries this page targets, one per mode",airfare from patna to srinagar (15) ; patna to srinagar indigo flight (3) ; flight from patna to srinagar (1)
150,3,route-pair,/routes/jalandhar-to-kashmir,Jalandhar to Kashmir,"Jalandhar to Kashmir - Train, Flight & Road Compared | Glitz Holidays",jalandhar to kashmir,3,18,0,0.0,1400-1900,"Answer the fastest/cheapest question in the first 100 words, before any mode detail | By rail: Actual train names and numbers on the Jalandhar to Kashmir corridor with journey time | By rail: Where the railhead ends and the road leg begins (Katra/Jammu Tawi/Banihal) - most searchers do not know this | A single comparison table across by rail for time, cost and comfort | Each mode section self-contained so passage ranking can lift it independently | CTA block linking to /packages/from/jalandhar | FAQ drawn verbatim from the queries this page targets, one per mode",jalandhar to kashmir by train (9) ; jalandhar to kashmir train (8) ; jalandhar to kashmir train ticket price (1)
151,3,route-pair,/routes/mumbai-to-jammu,Mumbai to Jammu,"Mumbai to Jammu - Train, Flight & Road Compared | Glitz Holidays",mumbai to jammu,4,11,0,0.0,1400-1900,"Answer the fastest/cheapest question in the first 100 words, before any mode detail | By air: Live fare band Mumbai to Jammu, cheapest vs fastest carrier, and the booking-window rule | By air: Exact flight duration, direct vs one-stop, and which airport you actually land at | A single comparison table across by air for time, cost and comfort | Each mode section self-contained so passage ranking can lift it independently | CTA block linking to /packages/from/mumbai | FAQ drawn verbatim from the queries this page targets, one per mode",airfare from mumbai to jammu (8) ; mumbai to jammu flight indigo price (1) ; flight booking from mumbai to jammu (1) ; flight from mumbai to jammu (1)
152,3,route-pair,/routes/jammu-to-leh,Jammu to Leh,"Jammu to Leh - Train, Flight & Road Compared | Glitz Holidays",jammu to leh,5,10,0,0.0,1400-1900,"Answer the fastest/cheapest question in the first 100 words, before any mode detail | By road: Road distance in km, realistic driving hours, and the Jawahar/Banihal tunnel reality | By road: Highway condition, winter closure risk, and the checkpoints that add time | A single comparison table across by road for time, cost and comfort | Each mode section self-contained so passage ranking can lift it independently | CTA block linking to /packages/from/jammu | FAQ drawn verbatim from the queries this page targets, one per mode",jammu to leh by bus (5) ; jammu to leh road trip (2) ; jammu to leh road (1) ; jammu to leh road open (1) ; jammu to leh by road (1)
153,3,route-pair,/routes/delhi-to-ladakh,Delhi to Ladakh,"Delhi to Ladakh - Train, Flight & Road Compared | Glitz Holidays",delhi to ladakh,5,8,1,0.0,1400-1900,"Answer the fastest/cheapest question in the first 100 words, before any mode detail | By road: Road distance in km, realistic driving hours, and the Jawahar/Banihal tunnel reality | By road: Highway condition, winter closure risk, and the checkpoints that add time | A single comparison table across by road for time, cost and comfort | Each mode section self-contained so passage ranking can lift it independently | CTA block linking to /packages/from/delhi | FAQ drawn verbatim from the queries this page targets, one per mode",delhi to ladakh road trip packages (3) ; road trip delhi to ladakh (2) ; delhi to leh ladakh tour packages by road (1) ; delhi to ladakh by road (1) ; delhi to ladakh road trip (1)
154,3,route-pair,/routes/guwahati-to-srinagar,Guwahati to Srinagar,"Guwahati to Srinagar - Train, Flight & Road Compared | Glitz Holidays",guwahati to srinagar,5,8,0,0.0,1400-1900,"Answer the fastest/cheapest question in the first 100 words, before any mode detail | By air: Live fare band Guwahati to Srinagar, cheapest vs fastest carrier, and the booking-window rule | By air: Exact flight duration, direct vs one-stop, and which airport you actually land at | A single comparison table across by air for time, cost and comfort | Each mode section self-contained so passage ranking can lift it independently | CTA block linking to /packages/from/guwahati | FAQ drawn verbatim from the queries this page targets, one per mode",guwahati to srinagar flight (4) ; flight from guwahati to srinagar (1) ; guwahati to srinagar flight indigo (1) ; guwahati to srinagar flight ticket price (1) ; airfare from guwahati to srinagar (1)
155,3,route-pair,/routes/hyderabad-to-jammu,Hyderabad to Jammu,"Hyderabad to Jammu - Train, Flight & Road Compared | Glitz Holidays",hyderabad to jammu,4,6,0,0.0,1400-1900,"Answer the fastest/cheapest question in the first 100 words, before any mode detail | By air: Live fare band Hyderabad to Jammu, cheapest vs fastest carrier, and the booking-window rule | By air: Exact flight duration, direct vs one-stop, and which airport you actually land at | A single comparison table across by air for time, cost and comfort | Each mode section self-contained so passage ranking can lift it independently | CTA block linking to /packages/from/hyderabad | FAQ drawn verbatim from the queries this page targets, one per mode",airfare from hyderabad to jammu (3) ; hyderabad to jammu flight (1) ; hyderabad to jammu flight ticket (1) ; cheapest flight tickets from hyderabad to jammu (1)
156,3,route-pair,/routes/agra-to-srinagar,Agra to Srinagar,"Agra to Srinagar - Train, Flight & Road Compared | Glitz Holidays",agra to srinagar,3,5,0,0.0,1400-1900,"Answer the fastest/cheapest question in the first 100 words, before any mode detail | By rail: Actual train names and numbers on the Agra to Srinagar corridor with journey time | By rail: Where the railhead ends and the road leg begins (Katra/Jammu Tawi/Banihal) - most searchers do not know this | A single comparison table across by rail for time, cost and comfort | Each mode section self-contained so passage ranking can lift it independently | CTA block linking to /packages/from/agra | FAQ drawn verbatim from the queries this page targets, one per mode",agra to srinagar kashmir train (3) ; agra to srinagar train (1) ; agra to srinagar by train (1)
157,3,route-pair,/routes/bangalore-to-vaishno-devi,Bangalore to Vaishno Devi,"Bangalore to Vaishno Devi - Train, Flight & Road Compared | Glitz Holidays",bangalore to vaishno devi,3,4,0,0.0,1400-1900,"Answer the fastest/cheapest question in the first 100 words, before any mode detail | By air: Live fare band Bangalore to Vaishno Devi, cheapest vs fastest carrier, and the booking-window rule | By air: Exact flight duration, direct vs one-stop, and which airport you actually land at | A single comparison table across by air for time, cost and comfort | Each mode section self-contained so passage ranking can lift it independently | CTA block linking to /packages/from/bangalore | FAQ drawn verbatim from the queries this page targets, one per mode",bangalore to vaishno devi package tour by air (2) ; flight from bangalore to vaishno devi (1) ; bangalore to vaishno devi flight (1)
158,4,guide-places-to-visit,/guides/places-to-visit-in-kashmir,Places to Visit in Kashmir,Places to Visit in Kashmir (2026 Guide) | Glitz Holidays,kashmir places to visit,593,19978,500,17.3,1000-1400,"Ranked list of what to actually see in Kashmir, each with time needed and entry cost | A half-day vs full-day plan - most searchers are slotting this into a fixed trip | What is overrated and what people miss - this is the section that earns links | Internal links to the Kashmir packages and the other Kashmir guides",kashmir tourist places (3759) ; places to visit in kashmir (2609) ; kashmir places to visit (1567) ; kashmir ghumne ki jagah (1023) ; kashmir me ghumne ki jagah (769) ; jammu kashmir tourist places (741) ; jammu and kashmir tourist places (524) ; kashmir mein ghumne ki jagah (443)
159,4,guide-best-time,/guides/best-time-to-visit-kashmir,Best Time to Visit Kashmir,Best Time to Visit Kashmir (2026 Guide) | Glitz Holidays,best time to visit kashmir,827,13792,252,16.0,1000-1400,"Month-by-month table for Kashmir: temperature, snow, crowd, price index | The single best window and the one month to avoid, stated plainly | What changes access - Zojila and road closures, gondola phase status | Internal links to the Kashmir packages and the other Kashmir guides",best time to visit kashmir (4248) ; kashmir best time to visit (596) ; snow in kashmir (470) ; kashmir in winter season (326) ; snowfall in kashmir (280) ; best time to visit kashmir for snowfall (261) ; kashmir winter season (250) ; best season to visit kashmir (245)
160,4,guide-how-to-reach,/guides/how-to-reach-srinagar,How to Reach Srinagar,How to Reach Srinagar (2026 Guide) | Glitz Holidays,how to reach srinagar,326,9484,93,5.0,1000-1400,"All three modes into Srinagar with real times, distances and fare bands | Nearest airport and railhead named, with the final road leg spelled out | Permit and ID requirements where they apply | Internal links to the Srinagar packages and the other Srinagar guides",jammu se srinagar kaise jaye (1531) ; katra se srinagar kaise jaye (1163) ; katra to srinagar by road (831) ; srinagar kaise jaye (585) ; delhi to srinagar by road (479) ; srinagar to pahalgam by road (454) ; udhampur se srinagar kaise jaye (437) ; srinagar to sonmarg by road (191)
161,4,guide-places-to-visit,/guides/places-to-visit-in-srinagar,Places to Visit in Srinagar,Places to Visit in Srinagar (2026 Guide) | Glitz Holidays,srinagar places to visit,275,7764,148,5.5,1000-1400,"Ranked list of what to actually see in Srinagar, each with time needed and entry cost | A half-day vs full-day plan - most searchers are slotting this into a fixed trip | What is overrated and what people miss - this is the section that earns links | Internal links to the Srinagar packages and the other Srinagar guides",srinagar tourist places (3669) ; places to visit in srinagar (496) ; srinagar me ghumne ki jagah (230) ; srinagar places to visit (204) ; tourist places in srinagar (193) ; things to do in srinagar (189) ; srinagar sightseeing (148) ; srinagar mein ghumne ki jagah (145)
162,4,guide-how-to-reach,/guides/how-to-reach-kashmir,How to Reach Kashmir,How to Reach Kashmir (2026 Guide) | Glitz Holidays,how to reach kashmir,428,7586,137,6.0,1000-1400,"All three modes into Kashmir with real times, distances and fare bands | Nearest airport and railhead named, with the final road leg spelled out | Permit and ID requirements where they apply | Internal links to the Kashmir packages and the other Kashmir guides",kashmir kaise jaye (704) ; delhi se kashmir kaise jaye (552) ; delhi to kashmir by road (337) ; kashmir kaise jaye by train (236) ; how to go kashmir (212) ; katra se kashmir kaise jaye (208) ; kashmir kaise jaen (203) ; katra to kashmir by road (181)
163,4,guide-places-to-visit,/guides/places-to-visit-in-jammu,Places to Visit in Jammu,Places to Visit in Jammu (2026 Guide) | Glitz Holidays,jammu places to visit,179,6200,41,1.0,1000-1400,"Ranked list of what to actually see in Jammu, each with time needed and entry cost | A half-day vs full-day plan - most searchers are slotting this into a fixed trip | What is overrated and what people miss - this is the section that earns links | Internal links to the Jammu packages and the other Jammu guides",jammu tourist places (1835) ; jammu me ghumne ki jagah (960) ; places to visit in jammu (561) ; tourist places in jammu (282) ; jammu mein ghumne ki jagah (204) ; jammu places to visit (196) ; jammu tawi tourist places (126) ; jammu ghumne ki jagah (122)
164,4,guide-hotels,/guides/where-to-stay-in-kashmir,Where to Stay in Kashmir,Where to Stay in Kashmir (2026 Guide) | Glitz Holidays,kashmir hotels,359,4817,213,11.0,1000-1400,Stay options in Kashmir by tier with honest price bands and what each tier really gets you | Location trade-offs - which area suits which traveller | Booking-window guidance and peak-season reality | Internal links to the Kashmir packages and the other Kashmir guides,hotels in kashmir (664) ; kashmir hotels (355) ; houseboat in kashmir (316) ; kashmir hotel (273) ; best hotels in kashmir (121) ; hotel in kashmir (100) ; kashmir hotel price (90) ; 3 star hotels in kashmir (84)
165,4,guide-packages,/guides/srinagar-tour-packages-prices,Srinagar Tour Packages & Prices,Srinagar Tour Packages & Prices (2026 Guide) | Glitz Holidays,srinagar tour package,461,4627,398,27.0,1000-1400,Srinagar package prices with what is and is not included | How Srinagar slots into a wider Kashmir itinerary | Duration options with day-by-day detail | Internal links to the Srinagar packages and the other Srinagar guides,srinagar tour package (308) ; srinagar package for 6 nights (273) ; srinagar tour packages (233) ; srinagar package (171) ; srinagar package for 4 nights (150) ; srinagar package for 5 nights (98) ; shikara ride in srinagar price (57) ; srinagar hotel price (57)
166,4,guide-hotels,/guides/where-to-stay-in-srinagar,Where to Stay in Srinagar,Where to Stay in Srinagar (2026 Guide) | Glitz Holidays,srinagar hotels,564,4147,152,7.0,1000-1400,Stay options in Srinagar by tier with honest price bands and what each tier really gets you | Location trade-offs - which area suits which traveller | Booking-window guidance and peak-season reality | Internal links to the Srinagar packages and the other Srinagar guides,hotels in srinagar (401) ; srinagar hotels (184) ; best hotels in srinagar kashmir (151) ; srinagar hotel (141) ; hotels in srinagar kashmir (130) ; 3 star hotels in srinagar (87) ; srinagar hotels near dal lake (80) ; srinagar houseboat (62)
167,4,guide-how-to-reach,/guides/how-to-reach-gulmarg,How to Reach Gulmarg,How to Reach Gulmarg (2026 Guide) | Glitz Holidays,how to reach gulmarg,77,3354,64,4.0,1000-1400,"All three modes into Gulmarg with real times, distances and fare bands | Nearest airport and railhead named, with the final road leg spelled out | Permit and ID requirements where they apply | Internal links to the Gulmarg packages and the other Gulmarg guides",gulmarg kaise jaye (603) ; katra se gulmarg kaise jaye (541) ; delhi to gulmarg by road (346) ; how to go gulmarg from delhi (201) ; jammu se gulmarg kaise jaye (170) ; katra to gulmarg by road (161) ; jammu to gulmarg by road (152) ; delhi se gulmarg kaise jaye (135)
168,4,guide-packages,/guides/vaishno-devi-tour-packages-prices,Vaishno Devi Tour Packages & Prices,Vaishno Devi Tour Packages & Prices (2026 Guide) | Glitz Holidays,vaishno devi tour package,283,3137,173,8.0,1000-1400,Vaishno Devi package prices with what is and is not included | How Vaishno Devi slots into a wider Kashmir itinerary | Duration options with day-by-day detail | Internal links to the Vaishno Devi packages and the other Vaishno Devi guides,vaishno devi tour package (642) ; vaishno devi tour packages (152) ; vaishno devi tour package from mumbai (123) ; vaishno devi budget trip (112) ; budget tour packages for vaishno devi and kashmir (97) ; vaishno devi package (97) ; vaishno devi trip budget (91) ; vaishno devi family tour package (87)
169,4,guide-best-time,/guides/best-time-to-visit-gulmarg,Best Time to Visit Gulmarg,Best Time to Visit Gulmarg (2026 Guide) | Glitz Holidays,best time to visit gulmarg,173,2597,35,0.0,1000-1400,"Month-by-month table for Gulmarg: temperature, snow, crowd, price index | The single best window and the one month to avoid, stated plainly | What changes access - Zojila and road closures, gondola phase status | Internal links to the Gulmarg packages and the other Gulmarg guides",kashmir gulmarg snowfall (588) ; gulmarg snowfall (467) ; best time to visit gulmarg (194) ; gulmarg kashmir snowfall (177) ; gulmarg best time to visit (92) ; snow in gulmarg (75) ; gulmarg in summer season (53) ; snowfall in gulmarg (49)
170,4,guide-places-to-visit,/guides/places-to-visit-in-katra,Places to Visit in Katra,Places to Visit in Katra (2026 Guide) | Glitz Holidays,katra places to visit,108,2117,15,0.0,1000-1400,"Ranked list of what to actually see in Katra, each with time needed and entry cost | A half-day vs full-day plan - most searchers are slotting this into a fixed trip | What is overrated and what people miss - this is the section that earns links | Internal links to the Katra packages and the other Katra guides",katra me ghumne ki jagah (474) ; katra ke aas paas ghumne ki jagah (242) ; katra tourist places (210) ; jammu tourist places near katra (159) ; katra near tourist places (95) ; near katra tourist places (75) ; katra ghumne ki jagah (69) ; tourist places in katra jammu (55)
171,4,guide-packages,/guides/ladakh-tour-packages-prices,Ladakh Tour Packages & Prices,Ladakh Tour Packages & Prices (2026 Guide) | Glitz Holidays,ladakh tour package,327,2068,159,9.0,1000-1400,Ladakh package prices with what is and is not included | How Ladakh slots into a wider Kashmir itinerary | Duration options with day-by-day detail | Internal links to the Ladakh packages and the other Ladakh guides,ladakh trip budget (176) ; ladakh honeymoon package for couple (113) ; ladakh tour packages (97) ; ladakh package (87) ; ladakh tour package (84) ; ladakh honeymoon package (77) ; leh ladakh tour packages (70) ; ladakh package tour (65)
172,4,guide-packages,/guides/gulmarg-tour-packages-prices,Gulmarg Tour Packages & Prices,Gulmarg Tour Packages & Prices (2026 Guide) | Glitz Holidays,gulmarg tour package,146,1624,126,10.0,1000-1400,Gulmarg package prices with what is and is not included | How Gulmarg slots into a wider Kashmir itinerary | Duration options with day-by-day detail | Internal links to the Gulmarg packages and the other Gulmarg guides,gulmarg honeymoon package (285) ; gulmarg package (84) ; kashmir gulmarg honeymoon package (81) ; gulmarg tour packages (78) ; gulmarg package for couple (67) ; gandola in gulmarg price (65) ; gulmarg trip budget (41) ; gulmarg trip cost (37)
173,4,guide-best-time,/guides/best-time-to-visit-srinagar,Best Time to Visit Srinagar,Best Time to Visit Srinagar (2026 Guide) | Glitz Holidays,best time to visit srinagar,133,1513,36,3.0,1000-1400,"Month-by-month table for Srinagar: temperature, snow, crowd, price index | The single best window and the one month to avoid, stated plainly | What changes access - Zojila and road closures, gondola phase status | Internal links to the Srinagar packages and the other Srinagar guides",srinagar snowfall (367) ; best time to visit srinagar (241) ; snowfall in srinagar (89) ; srinagar snowfall 2022 (73) ; srinagar in winter season (58) ; srinagar best time to visit (52) ; srinagar visit best time (42) ; srinagar ghumne ka best time (42)
174,4,guide-how-to-reach,/guides/how-to-reach-pahalgam,How to Reach Pahalgam,How to Reach Pahalgam (2026 Guide) | Glitz Holidays,how to reach pahalgam,52,1475,12,0.0,1000-1400,"All three modes into Pahalgam with real times, distances and fare bands | Nearest airport and railhead named, with the final road leg spelled out | Permit and ID requirements where they apply | Internal links to the Pahalgam packages and the other Pahalgam guides",jammu to pahalgam by road (579) ; katra to pahalgam by road (267) ; jammu se pahalgam kaise jaye (203) ; pahalgam kaise jaye (78) ; pahalgam to jammu by road (52) ; pahalgam to katra by road (26) ; udhampur to pahalgam by road (26) ; udhampur se pahalgam kaise jaen (26)
175,4,guide-places-to-visit,/guides/places-to-visit-in-vaishno-devi,Places to Visit in Vaishno Devi,Places to Visit in Vaishno Devi (2026 Guide) | Glitz Holidays,vaishno devi places to visit,75,1356,18,1.0,1000-1400,"Ranked list of what to actually see in Vaishno Devi, each with time needed and entry cost | A half-day vs full-day plan - most searchers are slotting this into a fixed trip | What is overrated and what people miss - this is the section that earns links | Internal links to the Vaishno Devi packages and the other Vaishno Devi guides",vaishno devi near tourist places (271) ; vaishno devi tourist places (179) ; places to visit near vaishno devi (116) ; tourist places near katra vaishno devi (103) ; places to visit near katra vaishno devi (87) ; tourist places near vaishno devi (77) ; near vaishno devi tourist places (59) ; places to visit near vaishno devi katra (50)
176,4,guide-hotels,/guides/where-to-stay-in-gulmarg,Where to Stay in Gulmarg,Where to Stay in Gulmarg (2026 Guide) | Glitz Holidays,gulmarg hotels,210,1317,37,1.0,1000-1400,Stay options in Gulmarg by tier with honest price bands and what each tier really gets you | Location trade-offs - which area suits which traveller | Booking-window guidance and peak-season reality | Internal links to the Gulmarg packages and the other Gulmarg guides,gulmarg hotels (105) ; hotels in gulmarg kashmir (91) ; best hotels in gulmarg (86) ; hotels in gulmarg (77) ; hotel in gulmarg kashmir (49) ; stay in gulmarg (35) ; gulmarg homestay (31) ; where to stay in gulmarg (31)
177,4,guide-hotels,/guides/where-to-stay-in-pahalgam,Where to Stay in Pahalgam,Where to Stay in Pahalgam (2026 Guide) | Glitz Holidays,pahalgam hotels,208,1247,16,0.0,1000-1400,Stay options in Pahalgam by tier with honest price bands and what each tier really gets you | Location trade-offs - which area suits which traveller | Booking-window guidance and peak-season reality | Internal links to the Pahalgam packages and the other Pahalgam guides,hotels in pahalgam (153) ; pahalgam stay (66) ; pahalgam hotels (60) ; budget hotels in pahalgam (44) ; hotels in pahalgam kashmir (38) ; where to stay in pahalgam (37) ; pahalgam hotels near lidder river (37) ; pahalgam best hotels (32)
178,4,guide-places-to-visit,/guides/places-to-visit-in-pahalgam,Places to Visit in Pahalgam,Places to Visit in Pahalgam (2026 Guide) | Glitz Holidays,pahalgam places to visit,78,1173,4,1.0,1000-1400,"Ranked list of what to actually see in Pahalgam, each with time needed and entry cost | A half-day vs full-day plan - most searchers are slotting this into a fixed trip | What is overrated and what people miss - this is the section that earns links | Internal links to the Pahalgam packages and the other Pahalgam guides",pahalgam tourist places (598) ; pahalgam me ghumne ki jagah (121) ; places to visit in pahalgam (65) ; things to do in pahalgam (55) ; pahalgam mein ghumne ki jagah (37) ; pahalgam sightseeing (28) ; pahalgam ghumne ki jagah (25) ; pahalgam places to visit (21)
179,4,guide-places-to-visit,/guides/places-to-visit-in-gulmarg,Places to Visit in Gulmarg,Places to Visit in Gulmarg (2026 Guide) | Glitz Holidays,gulmarg places to visit,77,1106,13,0.0,1000-1400,"Ranked list of what to actually see in Gulmarg, each with time needed and entry cost | A half-day vs full-day plan - most searchers are slotting this into a fixed trip | What is overrated and what people miss - this is the section that earns links | Internal links to the Gulmarg packages and the other Gulmarg guides",gulmarg tourist places (264) ; gulmarg me ghumne ki jagah (159) ; places to visit in gulmarg (98) ; gulmarg sightseeing (65) ; things to do in gulmarg (49) ; gulmarg ghumne ki jagah (49) ; gulmarg places to visit (47) ; gulmarg best places to visit (30)
180,4,guide-how-to-reach,/guides/how-to-reach-patnitop,How to Reach Patnitop,How to Reach Patnitop (2026 Guide) | Glitz Holidays,how to reach patnitop,28,851,6,0.0,1000-1400,"All three modes into Patnitop with real times, distances and fare bands | Nearest airport and railhead named, with the final road leg spelled out | Permit and ID requirements where they apply | Internal links to the Patnitop packages and the other Patnitop guides",katra se patnitop kaise jaye (276) ; jammu to patnitop by road (134) ; udhampur se patnitop kaise jaye (97) ; jammu se patnitop kaise jaye (96) ; katra to patnitop by road (70) ; katra to patnitop kaise jaye (35) ; patnitop kaise jaye (27) ; patnitop kaise jaen (21)
181,4,guide-packages,/guides/amarnath-tour-packages-prices,Amarnath Tour Packages & Prices,Amarnath Tour Packages & Prices (2026 Guide) | Glitz Holidays,amarnath tour package,91,847,51,3.0,1000-1400,Amarnath package prices with what is and is not included | How Amarnath slots into a wider Kashmir itinerary | Duration options with day-by-day detail | Internal links to the Amarnath packages and the other Amarnath guides,amarnath yatra package (201) ; amarnath tour package (70) ; amarnath yatra package 2022 (44) ; amarnath package (42) ; amarnath yatra package 2021 (35) ; amarnath yatra package cost (34) ; amarnath yatra budget (34) ; amarnath yatra tour package (34)
182,4,guide-how-to-reach,/guides/how-to-reach-vaishno-devi,How to Reach Vaishno Devi,How to Reach Vaishno Devi (2026 Guide) | Glitz Holidays,how to reach vaishno devi,80,811,5,0.0,1000-1400,"All three modes into Vaishno Devi with real times, distances and fare bands | Nearest airport and railhead named, with the final road leg spelled out | Permit and ID requirements where they apply | Internal links to the Vaishno Devi packages and the other Vaishno Devi guides",how to go vaishno devi temple (162) ; jammu to vaishno devi by road (105) ; how to go vaishno devi temple from delhi (67) ; how to go vaishno devi (54) ; delhi to vaishno devi by road (41) ; vaishno devi se kashmir kaise jaye (33) ; vaishno devi se srinagar kaise jaen (27) ; how to go to vaishno devi (18)
183,4,guide-places-to-visit,/guides/places-to-visit-in-sonmarg,Places to Visit in Sonmarg,Places to Visit in Sonmarg (2026 Guide) | Glitz Holidays,sonmarg places to visit,52,756,7,0.0,1000-1400,"Ranked list of what to actually see in Sonmarg, each with time needed and entry cost | A half-day vs full-day plan - most searchers are slotting this into a fixed trip | What is overrated and what people miss - this is the section that earns links | Internal links to the Sonmarg packages and the other Sonmarg guides",sonmarg tourist places (292) ; places to visit in sonmarg (90) ; things to do in sonmarg (66) ; sonmarg sightseeing (54) ; sonmarg me ghumne ki jagah (51) ; sonmarg places to visit (41) ; sonmarg ghumne ki jagah (17) ; tourist places in sonmarg (17)
184,4,guide-best-time,/guides/best-time-to-visit-vaishno-devi,Best Time to Visit Vaishno Devi,Best Time to Visit Vaishno Devi (2026 Guide) | Glitz Holidays,best time to visit vaishno devi,59,598,7,1.0,1000-1400,"Month-by-month table for Vaishno Devi: temperature, snow, crowd, price index | The single best window and the one month to avoid, stated plainly | What changes access - Zojila and road closures, gondola phase status | Internal links to the Vaishno Devi packages and the other Vaishno Devi guides",best time to visit vaishno devi yatra (124) ; vaishno devi best time to visit (97) ; best time to go vaishno devi (71) ; best time to visit vaishno devi (60) ; mata vaishno devi yatra best time to visit (18) ; best season to visit vaishno devi (13) ; best time to visit katra vaishno devi (12) ; vaishno devi yatra in winter season (11)
185,4,guide-best-time,/guides/best-time-to-visit-ladakh,Best Time to Visit Ladakh,Best Time to Visit Ladakh (2026 Guide) | Glitz Holidays,best time to visit ladakh,84,598,0,0.0,1000-1400,"Month-by-month table for Ladakh: temperature, snow, crowd, price index | The single best window and the one month to avoid, stated plainly | What changes access - Zojila and road closures, gondola phase status | Internal links to the Ladakh packages and the other Ladakh guides",best time to visit leh ladakh (169) ; best time to visit ladakh (65) ; leh ladakh best time to visit (47) ; ladakh best time to visit (32) ; best time to go ladakh (26) ; best season to visit leh ladakh (23) ; best time to visit leh ladakh by flight (16) ; best time for leh ladakh road trip (13)
186,4,guide-how-to-reach,/guides/how-to-reach-katra,How to Reach Katra,How to Reach Katra (2026 Guide) | Glitz Holidays,how to reach katra,34,556,2,0.0,1000-1400,"All three modes into Katra with real times, distances and fare bands | Nearest airport and railhead named, with the final road leg spelled out | Permit and ID requirements where they apply | Internal links to the Katra packages and the other Katra guides",delhi to katra by road (239) ; katra to shiv khori by road (147) ; delhi se katra kaise jaye (39) ; katra to jammu by road (24) ; jammu to katra by road (21) ; jammu se katra kaise jaye (13) ; delhi se katra kaise jaen (10) ; how to go katra (10)
187,4,guide-places-to-visit,/guides/places-to-visit-in-patnitop,Places to Visit in Patnitop,Places to Visit in Patnitop (2026 Guide) | Glitz Holidays,patnitop places to visit,42,535,2,0.0,1000-1400,"Ranked list of what to actually see in Patnitop, each with time needed and entry cost | A half-day vs full-day plan - most searchers are slotting this into a fixed trip | What is overrated and what people miss - this is the section that earns links | Internal links to the Patnitop packages and the other Patnitop guides",patnitop tourist places (98) ; places to visit in patnitop (61) ; patnitop sightseeing (56) ; patnitop me ghumne ki jagah (55) ; patnitop places to visit (34) ; patnitop mein ghumne ki jagah (31) ; patnitop ghumne ki jagah (28) ; things to do in patnitop (21)
188,4,guide-packages,/guides/jammu-tour-packages-prices,Jammu Tour Packages & Prices,Jammu Tour Packages & Prices (2026 Guide) | Glitz Holidays,jammu tour package,53,503,56,7.3,1000-1400,Jammu package prices with what is and is not included | How Jammu slots into a wider Kashmir itinerary | Duration options with day-by-day detail | Internal links to the Jammu packages and the other Jammu guides,jammu tour package (159) ; jammu honeymoon package (55) ; jammu package (46) ; jammu itinerary (25) ; jammu tour package with price (18) ; jammu to jammu tour packages (17) ; jammu tour packages (15) ; jammu trip package (13)
189,4,guide-places-to-visit,/guides/places-to-visit-in-ladakh,Places to Visit in Ladakh,Places to Visit in Ladakh (2026 Guide) | Glitz Holidays,ladakh places to visit,52,453,2,0.0,1000-1400,"Ranked list of what to actually see in Ladakh, each with time needed and entry cost | A half-day vs full-day plan - most searchers are slotting this into a fixed trip | What is overrated and what people miss - this is the section that earns links | Internal links to the Ladakh packages and the other Ladakh guides",ladakh tourist places (213) ; ladakh places to visit (55) ; places to visit in ladakh (28) ; tourist places in ladakh (15) ; places to visit in leh ladakh in december (14) ; leh ladakh tourist places (10) ; ladakh sightseeing (10) ; ladakh tourist places in tamil (9)
190,4,guide-how-to-reach,/guides/how-to-reach-udhampur,How to Reach Udhampur,How to Reach Udhampur (2026 Guide) | Glitz Holidays,how to reach udhampur,10,406,2,0.0,1000-1400,"All three modes into Udhampur with real times, distances and fare bands | Nearest airport and railhead named, with the final road leg spelled out | Permit and ID requirements where they apply | Internal links to the Udhampur packages and the other Udhampur guides",udhampur se banihal kaise jaye (303) ; udhampur to banihal by road (34) ; udhampur se banihal kaise jaen (26) ; udhampur se katra kaise jaen (19) ; udhampur se kashmir kaise jaen (9) ; udhampur to banihal kaise jaye (8) ; banihal to udhampur by road (3) ; how to reach udhampur to banihal (2)
191,4,guide-how-to-reach,/guides/how-to-reach-jammu,How to Reach Jammu,How to Reach Jammu (2026 Guide) | Glitz Holidays,how to reach jammu,44,332,3,0.0,1000-1400,"All three modes into Jammu with real times, distances and fare bands | Nearest airport and railhead named, with the final road leg spelled out | Permit and ID requirements where they apply | Internal links to the Jammu packages and the other Jammu guides",delhi to jammu by road (106) ; jammu to banihal by road (60) ; jammu kaise jaye (20) ; amritsar to jammu by road (17) ; pathankot to jammu by road (13) ; leh to jammu by road (12) ; jammu se banihal kaise jaye (11) ; delhi se jammu kaise jaen (9)
192,4,guide-hotels,/guides/where-to-stay-in-jammu,Where to Stay in Jammu,Where to Stay in Jammu (2026 Guide) | Glitz Holidays,jammu hotels,73,291,2,1.0,1000-1400,Stay options in Jammu by tier with honest price bands and what each tier really gets you | Location trade-offs - which area suits which traveller | Booking-window guidance and peak-season reality | Internal links to the Jammu packages and the other Jammu guides,jammu hotels (33) ; jammu hotel (30) ; hotel in jammu (27) ; hotels in jammu (25) ; hotel jammu (13) ; jammu tawi hotels (10) ; best hotels in jammu (10) ; jammu hotel price (10)
193,4,guide-how-to-reach,/guides/how-to-reach-amarnath,How to Reach Amarnath,How to Reach Amarnath (2026 Guide) | Glitz Holidays,how to reach amarnath,32,279,0,0.0,1000-1400,"All three modes into Amarnath with real times, distances and fare bands | Nearest airport and railhead named, with the final road leg spelled out | Permit and ID requirements where they apply | Internal links to the Amarnath packages and the other Amarnath guides",jammu to amarnath yatra by road (107) ; how to reach amarnath (33) ; amarnath yatra route (18) ; how to go amarnath yatra from delhi (15) ; how to reach amarnath temple (15) ; delhi to amarnath yatra route (11) ; amarnath yatra by road (10) ; how to going amarnath yatra (9)
194,4,guide-best-time,/guides/best-time-to-visit-sonmarg,Best Time to Visit Sonmarg,Best Time to Visit Sonmarg (2026 Guide) | Glitz Holidays,best time to visit sonmarg,18,265,5,0.0,1000-1400,"Month-by-month table for Sonmarg: temperature, snow, crowd, price index | The single best window and the one month to avoid, stated plainly | What changes access - Zojila and road closures, gondola phase status | Internal links to the Sonmarg packages and the other Sonmarg guides",kashmir sonmarg snowfall (195) ; best time to visit sonmarg (36) ; sonmarg best time to visit (6) ; snow in sonmarg (6) ; sonmarg snow in may (4) ; sonmarg in summer season (4) ; snow in sonmarg in july (2) ; best time to go sonmarg (2)
195,4,guide-places-to-visit,/guides/places-to-visit-in-udhampur,Places to Visit in Udhampur,Places to Visit in Udhampur (2026 Guide) | Glitz Holidays,udhampur places to visit,14,249,3,0.0,1000-1400,"Ranked list of what to actually see in Udhampur, each with time needed and entry cost | A half-day vs full-day plan - most searchers are slotting this into a fixed trip | What is overrated and what people miss - this is the section that earns links | Internal links to the Udhampur packages and the other Udhampur guides",udhampur tourist places (138) ; udhampur me ghumne ki jagah (24) ; udhampur places to visit (18) ; tourist places in udhampur (11) ; udhampur city tourist places (11) ; places to visit in udhampur (10) ; tourist places near udhampur (9) ; udhampur ghumne ki jagah (8)
196,4,guide-packages,/guides/pahalgam-tour-packages-prices,Pahalgam Tour Packages & Prices,Pahalgam Tour Packages & Prices (2026 Guide) | Glitz Holidays,pahalgam tour package,41,225,14,1.0,1000-1400,Pahalgam package prices with what is and is not included | How Pahalgam slots into a wider Kashmir itinerary | Duration options with day-by-day detail | Internal links to the Pahalgam packages and the other Pahalgam guides,budget hotels in pahalgam (44) ; pahalgam tour packages (28) ; pahalgam budget hotels (25) ; best budget hotels in pahalgam (18) ; pahalgam honeymoon packages (17) ; budget stay in pahalgam (8) ; pahalgam packages (6) ; pahalgam hotel price (6)
197,4,guide-hotels,/guides/where-to-stay-in-dal-lake,Where to Stay in Dal Lake,Where to Stay in Dal Lake (2026 Guide) | Glitz Holidays,dal lake hotels,40,225,6,0.0,1000-1400,Stay options in Dal Lake by tier with honest price bands and what each tier really gets you | Location trade-offs - which area suits which traveller | Booking-window guidance and peak-season reality | Internal links to the Dal Lake packages and the other Dal Lake guides,houseboat kashmir dal lake (45) ; kashmir dal lake houseboat (31) ; dal lake houseboat (20) ; hotels in kashmir near dal lake (18) ; houseboat kashmir dal lake price (15) ; dal lake houseboat price (13) ; houseboat in kashmir dal lake (11) ; dal lake houseboat booking (8)
198,4,guide-how-to-reach,/guides/how-to-reach-sonmarg,How to Reach Sonmarg,How to Reach Sonmarg (2026 Guide) | Glitz Holidays,how to reach sonmarg,20,201,1,0.0,1000-1400,"All three modes into Sonmarg with real times, distances and fare bands | Nearest airport and railhead named, with the final road leg spelled out | Permit and ID requirements where they apply | Internal links to the Sonmarg packages and the other Sonmarg guides",sonmarg kaise jaye (67) ; delhi to sonmarg by road (51) ; sonmarg kaise jaen (15) ; sonmarg kashmir kaise jaye (14) ; how to reach sonmarg (8) ; how to go sonmarg (7) ; delhi se sonmarg kaise jaen (6) ; katra to sonmarg kaise jaye (6)
199,4,guide-hotels,/guides/where-to-stay-in-sonmarg,Where to Stay in Sonmarg,Where to Stay in Sonmarg (2026 Guide) | Glitz Holidays,sonmarg hotels,56,198,1,0.0,1000-1400,Stay options in Sonmarg by tier with honest price bands and what each tier really gets you | Location trade-offs - which area suits which traveller | Booking-window guidance and peak-season reality | Internal links to the Sonmarg packages and the other Sonmarg guides,hotels in sonmarg (25) ; budget hotels in sonmarg (15) ; sonmarg stay (14) ; sonmarg kashmir hotels (13) ; best place to stay in sonmarg (11) ; sonmarg hotels (11) ; imperial resort sonmarg (10) ; sonmarg camping (8)
200,4,guide-packages,/guides/leh-tour-packages-prices,Leh Tour Packages & Prices,Leh Tour Packages & Prices (2026 Guide) | Glitz Holidays,leh tour package,48,181,21,0.0,1000-1400,Leh package prices with what is and is not included | How Leh slots into a wider Kashmir itinerary | Duration options with day-by-day detail | Internal links to the Leh packages and the other Leh guides,leh honeymoon package (33) ; leh tour package (32) ; leh trip budget (12) ; leh packages (10) ; leh package from delhi (10) ; leh tour package from chandigarh (7) ; manali to leh bike trip package (7) ; leh package (7)
201,4,guide-packages,/guides/patnitop-tour-packages-prices,Patnitop Tour Packages & Prices,Patnitop Tour Packages & Prices (2026 Guide) | Glitz Holidays,patnitop tour package,33,178,8,1.0,1000-1400,Patnitop package prices with what is and is not included | How Patnitop slots into a wider Kashmir itinerary | Duration options with day-by-day detail | Internal links to the Patnitop packages and the other Patnitop guides,patnitop tour package (27) ; patnitop hut booking price (23) ; katra to patnitop package (17) ; katra patnitop tour package (15) ; patnitop package (14) ; jktdc patnitop hut price (9) ; patnitop tour package from katra (7) ; patnitop honeymoon packages (6)
202,4,guide-packages,/guides/dal-lake-tour-packages-prices,Dal Lake Tour Packages & Prices,Dal Lake Tour Packages & Prices (2026 Guide) | Glitz Holidays,dal lake tour package,21,175,2,0.0,1000-1400,Dal Lake package prices with what is and is not included | How Dal Lake slots into a wider Kashmir itinerary | Duration options with day-by-day detail | Internal links to the Dal Lake packages and the other Dal Lake guides,dal lake shikara ride price (88) ; shikara ride dal lake price (15) ; houseboat kashmir dal lake price (15) ; dal lake houseboat price (13) ; dal lake ticket price (9) ; dal lake price (8) ; dal lake boat ride price (4) ; shikara ride price in dal lake 2022 (3)
203,4,guide-best-time,/guides/best-time-to-visit-pahalgam,Best Time to Visit Pahalgam,Best Time to Visit Pahalgam (2026 Guide) | Glitz Holidays,best time to visit pahalgam,23,167,0,0.0,1000-1400,"Month-by-month table for Pahalgam: temperature, snow, crowd, price index | The single best window and the one month to avoid, stated plainly | What changes access - Zojila and road closures, gondola phase status | Internal links to the Pahalgam packages and the other Pahalgam guides",pahalgam kashmir snowfall (48) ; best time to visit pahalgam (26) ; snow in pahalgam (23) ; pahalgam in rainy season (14) ; pahalgam snowfall (12) ; best time to visit pahalgam kashmir (9) ; pahalgam best time to visit (9) ; pahalgam in winter season (6)
204,4,guide-how-to-reach,/guides/how-to-reach-ladakh,How to Reach Ladakh,How to Reach Ladakh (2026 Guide) | Glitz Holidays,how to reach ladakh,46,142,3,1.0,1000-1400,"All three modes into Ladakh with real times, distances and fare bands | Nearest airport and railhead named, with the final road leg spelled out | Permit and ID requirements where they apply | Internal links to the Ladakh packages and the other Ladakh guides",jammu to leh ladakh by road (23) ; how to go leh ladakh (12) ; how to go ladakh (8) ; how to go ladakh by train (7) ; jammu se ladakh kaise jaen (7) ; how to reach ladakh from delhi (7) ; delhi se ladakh kaise jaye (5) ; how to go ladakh by flight (4)
205,4,guide-best-time,/guides/best-time-to-visit-patnitop,Best Time to Visit Patnitop,Best Time to Visit Patnitop (2026 Guide) | Glitz Holidays,best time to visit patnitop,19,138,0,0.0,1000-1400,"Month-by-month table for Patnitop: temperature, snow, crowd, price index | The single best window and the one month to avoid, stated plainly | What changes access - Zojila and road closures, gondola phase status | Internal links to the Patnitop packages and the other Patnitop guides",best time to visit patnitop (38) ; patnitop best time to visit (23) ; patnitop summer season (20) ; patnitop in summer season (18) ; patnitop me snowfall kab hota hai (8) ; patnitop winter season (6) ; the traveling adventures patnitop snowfall (5) ; patnitop in rainy season (4)
206,4,guide-places-to-visit,/guides/places-to-visit-in-kargil,Places to Visit in Kargil,Places to Visit in Kargil (2026 Guide) | Glitz Holidays,kargil places to visit,8,127,0,0.0,1000-1400,"Ranked list of what to actually see in Kargil, each with time needed and entry cost | A half-day vs full-day plan - most searchers are slotting this into a fixed trip | What is overrated and what people miss - this is the section that earns links | Internal links to the Kargil packages and the other Kargil guides",kargil tourist places (71) ; kargil places to visit (27) ; kargil sightseeing (13) ; places to visit in kargil (9) ; tourist places in kargil (4) ; kargil best places to visit (1) ; things to do in kargil (1) ; kargil sightseeing itinerary (1)
207,4,guide-best-time,/guides/best-time-to-visit-tulip-garden,Best Time to Visit Tulip Garden,Best Time to Visit Tulip Garden (2026 Guide) | Glitz Holidays,best time to visit tulip garden,17,124,3,0.0,1000-1400,"Month-by-month table for Tulip Garden: temperature, snow, crowd, price index | The single best window and the one month to avoid, stated plainly | What changes access - Zojila and road closures, gondola phase status | Internal links to the Tulip Garden packages and the other Tulip Garden guides",best time to visit kashmir tulip garden (26) ; kashmir tulip garden season 2023 (25) ; best time to visit tulip garden kashmir (19) ; tulip garden kashmir best time to visit (18) ; kashmir tulip garden season (7) ; best time to visit tulip garden in kashmir (6) ; srinagar tulip garden season (5) ; tulip garden season in kashmir (4)
208,4,guide-packages,/guides/katra-tour-packages-prices,Katra Tour Packages & Prices,Katra Tour Packages & Prices (2026 Guide) | Glitz Holidays,katra tour package,21,124,4,1.0,1000-1400,Katra package prices with what is and is not included | How Katra slots into a wider Kashmir itinerary | Duration options with day-by-day detail | Internal links to the Katra packages and the other Katra guides,katra tour package (38) ; katra package (16) ; katra travel packages (9) ; tour packages from katra (7) ; katra to shiv khori tour package (7) ; katra tour packages (6) ; katra sightseeing packages (5) ; delhi to katra package (5)
209,4,guide-hotels,/guides/where-to-stay-in-patnitop,Where to Stay in Patnitop,Where to Stay in Patnitop (2026 Guide) | Glitz Holidays,patnitop hotels,26,85,3,0.0,1000-1400,Stay options in Patnitop by tier with honest price bands and what each tier really gets you | Location trade-offs - which area suits which traveller | Booking-window guidance and peak-season reality | Internal links to the Patnitop packages and the other Patnitop guides,jktdc patnitop resort (28) ; patnitop hotels (20) ; hotels in patnitop (6) ; patnitop tour packages & hotels (3) ; patnitop stay (3) ; best place to stay in patnitop (2) ; patnitop mein hotel (2) ; patnitop j&k tourism hotels (2)
210,4,guide-best-time,/guides/best-time-to-visit-dal-lake,Best Time to Visit Dal Lake,Best Time to Visit Dal Lake (2026 Guide) | Glitz Holidays,best time to visit dal lake,6,81,2,0.0,1000-1400,"Month-by-month table for Dal Lake: temperature, snow, crowd, price index | The single best window and the one month to avoid, stated plainly | What changes access - Zojila and road closures, gondola phase status | Internal links to the Dal Lake packages and the other Dal Lake guides",dal lake in winter season (66) ; best time to visit dal lake (9) ; dal lake winter season (2) ; kashmir dal lake snowfall (2) ; best time to visit dal lake morning or evening (1) ; dal lake best time to visit (1)
211,4,guide-packages,/guides/gulmarg-gondola-tour-packages-prices,Gulmarg Gondola Tour Packages & Prices,Gulmarg Gondola Tour Packages & Prices (2026 Guide) | Glitz Holidays,gulmarg gondola tour package,8,73,1,0.0,1000-1400,Gulmarg Gondola package prices with what is and is not included | How Gulmarg Gondola slots into a wider Kashmir itinerary | Duration options with day-by-day detail | Internal links to the Gulmarg Gondola packages and the other Gulmarg Gondola guides,gulmarg gondola ticket price (39) ; gulmarg gondola ride price (17) ; gulmarg gondola ticket price 2022 (7) ; gulmarg gondola tickets price (4) ; gulmarg gondola phase 1 ticket price (2) ; gulmarg gondola price (2) ; gulmarg gondola ticket price 2021 (1) ; gulmarg gondola phase 2 ticket price (1)
212,4,guide-packages,/guides/sonmarg-tour-packages-prices,Sonmarg Tour Packages & Prices,Sonmarg Tour Packages & Prices (2026 Guide) | Glitz Holidays,sonmarg tour package,21,72,2,0.0,1000-1400,Sonmarg package prices with what is and is not included | How Sonmarg slots into a wider Kashmir itinerary | Duration options with day-by-day detail | Internal links to the Sonmarg packages and the other Sonmarg guides,budget hotels in sonmarg (15) ; sonmarg package (12) ; sonmarg honeymoon packages (9) ; sonmarg tour packages (8) ; sonmarg budget trip (4) ; sonmarg tour package (3) ; sonmarg itinerary (3) ; sonmarg trip cost (2)
213,4,guide-places-to-visit,/guides/places-to-visit-in-bhaderwah,Places to Visit in Bhaderwah,Places to Visit in Bhaderwah (2026 Guide) | Glitz Holidays,bhaderwah places to visit,6,47,0,0.0,1000-1400,"Ranked list of what to actually see in Bhaderwah, each with time needed and entry cost | A half-day vs full-day plan - most searchers are slotting this into a fixed trip | What is overrated and what people miss - this is the section that earns links | Internal links to the Bhaderwah packages and the other Bhaderwah guides",bhaderwah tourist places (38) ; bhaderwah places to visit (5) ; places to visit in bhaderwah (1) ; things to do in bhaderwah (1) ; tourist places in bhaderwah (1) ; bhaderwah me ghumne ki jagah (1)
214,4,guide-places-to-visit,/guides/places-to-visit-in-leh,Places to Visit in Leh,Places to Visit in Leh (2026 Guide) | Glitz Holidays,leh places to visit,15,39,1,0.0,1000-1400,"Ranked list of what to actually see in Leh, each with time needed and entry cost | A half-day vs full-day plan - most searchers are slotting this into a fixed trip | What is overrated and what people miss - this is the section that earns links | Internal links to the Leh packages and the other Leh guides",leh tourist places (10) ; leh tourist places in hindi (7) ; places to visit in leh in january (5) ; places to visit in leh (3) ; leh best places to visit (2) ; leh local sightseeing (2) ; places to visit in leh in december (2) ; leh sightseeing (1)
215,4,guide-best-time,/guides/best-time-to-visit-jammu,Best Time to Visit Jammu,Best Time to Visit Jammu (2026 Guide) | Glitz Holidays,best time to visit jammu,5,37,0,0.0,1000-1400,"Month-by-month table for Jammu: temperature, snow, crowd, price index | The single best window and the one month to avoid, stated plainly | What changes access - Zojila and road closures, gondola phase status | Internal links to the Jammu packages and the other Jammu guides",jammu snowfall area (19) ; best time to visit jammu (12) ; jammu best time to visit (4) ; jammu winter season (1) ; jammu nearest snowfall places (1)
216,4,guide-best-time,/guides/best-time-to-visit-leh,Best Time to Visit Leh,Best Time to Visit Leh (2026 Guide) | Glitz Holidays,best time to visit leh,12,36,3,0.0,1000-1400,"Month-by-month table for Leh: temperature, snow, crowd, price index | The single best window and the one month to avoid, stated plainly | What changes access - Zojila and road closures, gondola phase status | Internal links to the Leh packages and the other Leh guides",best time to visit leh (14) ; leh best time to visit (8) ; best time to go leh (3) ; leh best season to visit (2) ; leh tourist season (2) ; leh off season (1) ; best time to visit leh laddak (1) ; leh tourism season (1)
217,4,guide-hotels,/guides/where-to-stay-in-katra,Where to Stay in Katra,Where to Stay in Katra (2026 Guide) | Glitz Holidays,katra hotels,19,33,2,0.0,1000-1400,Stay options in Katra by tier with honest price bands and what each tier really gets you | Location trade-offs - which area suits which traveller | Booking-window guidance and peak-season reality | Internal links to the Katra packages and the other Katra guides,katra hotels (6) ; hotels in katra (6) ; hotels in katra jammu (3) ; katra famous hotel (2) ; where to stay in katra (2) ; best budget hotels in katra (1) ; hotels at katra jammu (1) ; hotel subash katra (1)
218,4,guide-hotels,/guides/where-to-stay-in-ladakh,Where to Stay in Ladakh,Where to Stay in Ladakh (2026 Guide) | Glitz Holidays,ladakh hotels,15,32,0,0.0,1000-1400,Stay options in Ladakh by tier with honest price bands and what each tier really gets you | Location trade-offs - which area suits which traveller | Booking-window guidance and peak-season reality | Internal links to the Ladakh packages and the other Ladakh guides,leh ladakh hotels (8) ; ladakh hotels (4) ; best hotels in ladakh (3) ; honeymoon ladakh hotels (2) ; stays in ladakh (2) ; hotels in ladakh (2) ; top hotels in ladakh (2) ; best hotel ladakh (2)
219,4,guide-packages,/guides/gurez-tour-packages-prices,Gurez Tour Packages & Prices,Gurez Tour Packages & Prices (2026 Guide) | Glitz Holidays,gurez tour package,8,26,1,0.0,1000-1400,Gurez package prices with what is and is not included | How Gurez slots into a wider Kashmir itinerary | Duration options with day-by-day detail | Internal links to the Gurez packages and the other Gurez guides,gurez valley packages (11) ; gurez valley tour packages (5) ; gurez valley itinerary (3) ; gurez valley package (2) ; gurez valley tour package (2) ; gurez valley trip cost (1) ; gurez itinerary (1) ; gurez tour package (1)
220,4,guide-hotels,/guides/where-to-stay-in-gurez,Where to Stay in Gurez,Where to Stay in Gurez (2026 Guide) | Glitz Holidays,gurez hotels,10,24,0,0.0,1000-1400,Stay options in Gurez by tier with honest price bands and what each tier really gets you | Location trade-offs - which area suits which traveller | Booking-window guidance and peak-season reality | Internal links to the Gurez packages and the other Gurez guides,gurez valley camping (9) ; camping in gurez valley (4) ; where to stay in gurez valley (3) ; gurez valley hotels (2) ; gurez valley night camping (1) ; gurez valley camping site (1) ; best place to stay in gurez valley (1) ; stay options in gurez valley (1)
221,4,guide-hotels,/guides/where-to-stay-in-doodhpathri,Where to Stay in Doodhpathri,Where to Stay in Doodhpathri (2026 Guide) | Glitz Holidays,doodhpathri hotels,7,23,3,0.0,1000-1400,Stay options in Doodhpathri by tier with honest price bands and what each tier really gets you | Location trade-offs - which area suits which traveller | Booking-window guidance and peak-season reality | Internal links to the Doodhpathri packages and the other Doodhpathri guides,doodhpathri hotels (9) ; doodhpathri stay (5) ; hotels in doodhpathri (4) ; stay in doodhpathri (2) ; doodhpathri night stay (1) ; places to stay in doodhpathri (1) ; hotels at doodhpathri (1)
222,4,guide-hotels,/guides/where-to-stay-in-vaishno-devi,Where to Stay in Vaishno Devi,Where to Stay in Vaishno Devi (2026 Guide) | Glitz Holidays,vaishno devi hotels,10,20,1,0.0,1000-1400,Stay options in Vaishno Devi by tier with honest price bands and what each tier really gets you | Location trade-offs - which area suits which traveller | Booking-window guidance and peak-season reality | Internal links to the Vaishno Devi packages and the other Vaishno Devi guides,vaishno devi tour packages & hotels (8) ; where to stay in vaishno devi (3) ; places to stay near vaishno devi (2) ; vaishno devi night stay (1) ; vaishno devi hotel package (1) ; maa vaishno devi hotel package (1) ; hotels in katra vaishno devi (1) ; stay in vaishno devi (1)
223,4,guide-places-to-visit,/guides/places-to-visit-in-dal-lake,Places to Visit in Dal Lake,Places to Visit in Dal Lake (2026 Guide) | Glitz Holidays,dal lake places to visit,6,18,1,0.0,1000-1400,"Ranked list of what to actually see in Dal Lake, each with time needed and entry cost | A half-day vs full-day plan - most searchers are slotting this into a fixed trip | What is overrated and what people miss - this is the section that earns links | Internal links to the Dal Lake packages and the other Dal Lake guides",places to visit near dal lake (5) ; things to do in dal lake (5) ; places to visit in dal lake (3) ; dal lake near tourist places (2) ; tourist places near dal lake (2) ; dal lake places to visit (1)
224,4,guide-places-to-visit,/guides/places-to-visit-in-doodhpathri,Places to Visit in Doodhpathri,Places to Visit in Doodhpathri (2026 Guide) | Glitz Holidays,doodhpathri places to visit,7,16,0,0.0,1000-1400,"Ranked list of what to actually see in Doodhpathri, each with time needed and entry cost | A half-day vs full-day plan - most searchers are slotting this into a fixed trip | What is overrated and what people miss - this is the section that earns links | Internal links to the Doodhpathri packages and the other Doodhpathri guides",doodhpathri tourist places (8) ; places to visit in doodhpathri (3) ; doodhpathri things to do (1) ; doodhpathri sightseeing (1) ; doodhpathri me ghumne ki jagah (1) ; sightseeing in doodhpathri (1) ; tourist places in doodhpathri (1)
225,4,guide-how-to-reach,/guides/how-to-reach-gurez,How to Reach Gurez,How to Reach Gurez (2026 Guide) | Glitz Holidays,how to reach gurez,3,13,0,0.0,1000-1400,"All three modes into Gurez with real times, distances and fare bands | Nearest airport and railhead named, with the final road leg spelled out | Permit and ID requirements where they apply | Internal links to the Gurez packages and the other Gurez guides",gurez valley kaise jaye (11) ; how to reach gurez valley (1) ; how to go gurez valley (1)
226,4,guide-how-to-reach,/guides/how-to-reach-kargil,How to Reach Kargil,How to Reach Kargil (2026 Guide) | Glitz Holidays,how to reach kargil,3,13,0,0.0,1000-1400,"All three modes into Kargil with real times, distances and fare bands | Nearest airport and railhead named, with the final road leg spelled out | Permit and ID requirements where they apply | Internal links to the Kargil packages and the other Kargil guides",leh to kargil by road (8) ; kargil to leh by road (4) ; sonamarg to kargil by road (1)
227,4,guide-best-time,/guides/best-time-to-visit-gurez,Best Time to Visit Gurez,Best Time to Visit Gurez (2026 Guide) | Glitz Holidays,best time to visit gurez,3,11,0,0.0,1000-1400,"Month-by-month table for Gurez: temperature, snow, crowd, price index | The single best window and the one month to avoid, stated plainly | What changes access - Zojila and road closures, gondola phase status | Internal links to the Gurez packages and the other Gurez guides",best time to visit gurez valley (9) ; gurez valley best time to visit (1) ; best time to visit gurez (1)
228,4,guide-how-to-reach,/guides/how-to-reach-betaab-valley,How to Reach Betaab Valley,How to Reach Betaab Valley (2026 Guide) | Glitz Holidays,how to reach betaab valley,3,11,0,0.0,1000-1400,"All three modes into Betaab Valley with real times, distances and fare bands | Nearest airport and railhead named, with the final road leg spelled out | Permit and ID requirements where they apply | Internal links to the Betaab Valley packages and the other Betaab Valley guides",how to go betaab valley (5) ; how to reach betaab valley from pahalgam (4) ; srinagar to betaab valley distance (2)
229,4,guide-hotels,/guides/where-to-stay-in-yusmarg,Where to Stay in Yusmarg,Where to Stay in Yusmarg (2026 Guide) | Glitz Holidays,yusmarg hotels,5,10,0,0.0,1000-1400,Stay options in Yusmarg by tier with honest price bands and what each tier really gets you | Location trade-offs - which area suits which traveller | Booking-window guidance and peak-season reality | Internal links to the Yusmarg packages and the other Yusmarg guides,yusmarg hotels (4) ; jktdc yusmarg resort (2) ; hotels in yusmarg kashmir (2) ; yusmarg stay (1) ; hotel in yusmarg (1)
230,4,guide-how-to-reach,/guides/how-to-reach-leh,How to Reach Leh,How to Reach Leh (2026 Guide) | Glitz Holidays,how to reach leh,5,10,0,0.0,1000-1400,"All three modes into Leh with real times, distances and fare bands | Nearest airport and railhead named, with the final road leg spelled out | Permit and ID requirements where they apply | Internal links to the Leh packages and the other Leh guides",how to reach leh (5) ; how to go to leh (2) ; sonamarg to leh by road (1) ; how to go leh from delhi (1) ; how to go leh (1)
231,4,guide-best-time,/guides/best-time-to-visit-katra,Best Time to Visit Katra,Best Time to Visit Katra (2026 Guide) | Glitz Holidays,best time to visit katra,4,8,0,0.0,1000-1400,"Month-by-month table for Katra: temperature, snow, crowd, price index | The single best window and the one month to avoid, stated plainly | What changes access - Zojila and road closures, gondola phase status | Internal links to the Katra packages and the other Katra guides",katra best time to visit (3) ; katra near snowfall (3) ; katra snowfall 2021 (1) ; best time to visit katra (1)
232,4,guide-packages,/guides/doodhpathri-tour-packages-prices,Doodhpathri Tour Packages & Prices,Doodhpathri Tour Packages & Prices (2026 Guide) | Glitz Holidays,doodhpathri tour package,5,7,1,0.0,1000-1400,Doodhpathri package prices with what is and is not included | How Doodhpathri slots into a wider Kashmir itinerary | Duration options with day-by-day detail | Internal links to the Doodhpathri packages and the other Doodhpathri guides,doodhpathri itinerary (3) ; srinagar to doodhpathri itinerary (1) ; doodhpathri horse ride price (1) ; doodhpathri day trip itinerary (1) ; doodhpathri tour package (1)
233,4,guide-hotels,/guides/where-to-stay-in-leh,Where to Stay in Leh,Where to Stay in Leh (2026 Guide) | Glitz Holidays,leh hotels,5,7,0,0.0,1000-1400,Stay options in Leh by tier with honest price bands and what each tier really gets you | Location trade-offs - which area suits which traveller | Booking-window guidance and peak-season reality | Internal links to the Leh packages and the other Leh guides,leh hotels (2) ; hotels in leh (2) ; leh hotels booking (1) ; hotel kangsing leh (1) ; best hotels in leh (1)
234,4,guide-hotels,/guides/where-to-stay-in-bhaderwah,Where to Stay in Bhaderwah,Where to Stay in Bhaderwah (2026 Guide) | Glitz Holidays,bhaderwah hotels,4,7,1,0.0,1000-1400,Stay options in Bhaderwah by tier with honest price bands and what each tier really gets you | Location trade-offs - which area suits which traveller | Booking-window guidance and peak-season reality | Internal links to the Bhaderwah packages and the other Bhaderwah guides,bhaderwah hotels (4) ; bhaderwah hotels price (1) ; jktdc hotels in bhaderwah (1) ; hotels in bhaderwah (1)
235,4,guide-places-to-visit,/guides/places-to-visit-in-nubra,Places to Visit in Nubra,Places to Visit in Nubra (2026 Guide) | Glitz Holidays,nubra places to visit,5,7,0,0.0,1000-1400,"Ranked list of what to actually see in Nubra, each with time needed and entry cost | A half-day vs full-day plan - most searchers are slotting this into a fixed trip | What is overrated and what people miss - this is the section that earns links | Internal links to the Nubra packages and the other Nubra guides",nubra valley tourist places (3) ; places to visit in nubra valley (1) ; nubra valley sightseeing (1) ; nubra valley places to visit (1) ; sightseeing in nubra valley (1)
236,4,guide-places-to-visit,/guides/places-to-visit-in-gurez,Places to Visit in Gurez,Places to Visit in Gurez (2026 Guide) | Glitz Holidays,gurez places to visit,5,7,0,0.0,1000-1400,"Ranked list of what to actually see in Gurez, each with time needed and entry cost | A half-day vs full-day plan - most searchers are slotting this into a fixed trip | What is overrated and what people miss - this is the section that earns links | Internal links to the Gurez packages and the other Gurez guides",places to visit in gurez valley (2) ; gurez valley sightseeing (2) ; tourist places in gurez valley (1) ; things to do in gurez valley (1) ; things to do in gurez (1)
237,4,guide-places-to-visit,/guides/places-to-visit-in-yusmarg,Places to Visit in Yusmarg,Places to Visit in Yusmarg (2026 Guide) | Glitz Holidays,yusmarg places to visit,4,6,0,0.0,1000-1400,"Ranked list of what to actually see in Yusmarg, each with time needed and entry cost | A half-day vs full-day plan - most searchers are slotting this into a fixed trip | What is overrated and what people miss - this is the section that earns links | Internal links to the Yusmarg packages and the other Yusmarg guides",yusmarg tourist places (2) ; yusmarg sightseeing (2) ; things to do in yusmarg (1) ; places to visit in yusmarg (1)
238,4,guide-hotels,/guides/where-to-stay-in-pangong,Where to Stay in Pangong,Where to Stay in Pangong (2026 Guide) | Glitz Holidays,pangong hotels,5,5,0,0.0,1000-1400,Stay options in Pangong by tier with honest price bands and what each tier really gets you | Location trade-offs - which area suits which traveller | Booking-window guidance and peak-season reality | Internal links to the Pangong packages and the other Pangong guides,pangong camp resort (1) ; ladakh summer camp nubra pangong (1) ; pangong camping (1) ; peaceful homestay pangong (1) ; pangong hotels (1)
239,4,guide-how-to-reach,/guides/how-to-reach-doodhpathri,How to Reach Doodhpathri,How to Reach Doodhpathri (2026 Guide) | Glitz Holidays,how to reach doodhpathri,4,5,0,0.0,1000-1400,"All three modes into Doodhpathri with real times, distances and fare bands | Nearest airport and railhead named, with the final road leg spelled out | Permit and ID requirements where they apply | Internal links to the Doodhpathri packages and the other Doodhpathri guides",how to go doodhpathri from srinagar (2) ; srinagar se doodhpathri kaise jaye (1) ; distance from gulmarg to doodhpathri (1) ; how to reach doodhpathri (1)
240,4,guide-places-to-visit,/guides/places-to-visit-in-amarnath,Places to Visit in Amarnath,Places to Visit in Amarnath (2026 Guide) | Glitz Holidays,amarnath places to visit,3,5,0,0.0,1000-1400,"Ranked list of what to actually see in Amarnath, each with time needed and entry cost | A half-day vs full-day plan - most searchers are slotting this into a fixed trip | What is overrated and what people miss - this is the section that earns links | Internal links to the Amarnath packages and the other Amarnath guides",amarnath tourist places (2) ; amarnath sightseeing (2) ; places to visit near amarnath (1)
241,4,guide-how-to-reach,/guides/how-to-reach-tulip-garden,How to Reach Tulip Garden,How to Reach Tulip Garden (2026 Guide) | Glitz Holidays,how to reach tulip garden,3,3,0,0.0,1000-1400,"All three modes into Tulip Garden with real times, distances and fare bands | Nearest airport and railhead named, with the final road leg spelled out | Permit and ID requirements where they apply | Internal links to the Tulip Garden packages and the other Tulip Garden guides",how to reach tulip garden (1) ; tulip garden kashmir kaise jaye (1) ; how to reach tulip garden srinagar (1)
242,4,guide-hotels,/guides/where-to-stay-in-aru-valley,Where to Stay in Aru Valley,Where to Stay in Aru Valley (2026 Guide) | Glitz Holidays,aru valley hotels,3,3,0,0.0,1000-1400,Stay options in Aru Valley by tier with honest price bands and what each tier really gets you | Location trade-offs - which area suits which traveller | Booking-window guidance and peak-season reality | Internal links to the Aru Valley packages and the other Aru Valley guides,best hotels in aru valley (1) ; hotels near aru valley pahalgam (1) ; aru valley homestay (1)
243,4,guide-places-to-visit,/guides/places-to-visit-in-tangmarg,Places to Visit in Tangmarg,Places to Visit in Tangmarg (2026 Guide) | Glitz Holidays,tangmarg places to visit,3,3,0,0.0,1000-1400,"Ranked list of what to actually see in Tangmarg, each with time needed and entry cost | A half-day vs full-day plan - most searchers are slotting this into a fixed trip | What is overrated and what people miss - this is the section that earns links | Internal links to the Tangmarg packages and the other Tangmarg guides",places to visit in tangmarg (1) ; tangmarg places to visit (1) ; tangmarg tourist places (1)
244,5,guide-month-hub,/guides/kashmir-by-month,Kashmir month by month,"Kashmir by Month - Weather, Snow, Crowds & Costs | Glitz Holidays",best time to visit kashmir,1522,20584,208,11.0,2200-3000,"A verdict table for all twelve months before any prose - best / good / mixed / avoid | One self-contained section per month (12 have real demand: Jan, Feb, Mar, Apr, May, Jun, Jul, Aug, Sep, Oct, Nov, Dec) | Each month section states temperature range, snow probability, what is open, what to pack | Name the month to avoid explicitly - competitors will not | Price index per month so the cheap-vs-peak question is answered in one place | Each section must stand alone so passage ranking can lift it for 'kashmir in january' etc | CTA per season to the Kashmir package that fits those conditions",kashmir in october month (1213) ; kashmir in december (1103) ; kashmir in november month (663) ; kashmir in august (489) ; kashmir in september (485) ; kashmir in january month (326) ; kashmir in october (298) ; kashmir in november (290)
245,5,guide-month-hub,/guides/gulmarg-by-month,Gulmarg month by month,"Gulmarg by Month - Weather, Snow, Crowds & Costs | Glitz Holidays",best time to visit gulmarg,313,9247,44,3.0,2200-3000,"A verdict table for all twelve months before any prose - best / good / mixed / avoid | One self-contained section per month (12 have real demand: Jan, Feb, Mar, Apr, May, Jun, Jul, Aug, Sep, Oct, Nov, Dec) | Each month section states temperature range, snow probability, what is open, what to pack | Name the month to avoid explicitly - competitors will not | Price index per month so the cheap-vs-peak question is answered in one place | Each section must stand alone so passage ranking can lift it for 'gulmarg in january' etc | CTA per season to the Gulmarg package that fits those conditions",gulmarg in december (1292) ; gulmarg in november (953) ; gulmarg in april (629) ; gulmarg in march (596) ; gulmarg in june (588) ; gulmarg in may (479) ; gulmarg in september (433) ; gulmarg in october (382)
246,5,guide-month-hub,/guides/sonmarg-by-month,Sonmarg month by month,"Sonmarg by Month - Weather, Snow, Crowds & Costs | Glitz Holidays",best time to visit sonmarg,118,4910,26,2.0,2200-3000,"A verdict table for all twelve months before any prose - best / good / mixed / avoid | One self-contained section per month (12 have real demand: Jan, Feb, Mar, Apr, May, Jun, Jul, Aug, Sep, Oct, Nov, Dec) | Each month section states temperature range, snow probability, what is open, what to pack | Name the month to avoid explicitly - competitors will not | Price index per month so the cheap-vs-peak question is answered in one place | Each section must stand alone so passage ranking can lift it for 'sonmarg in january' etc | CTA per season to the Sonmarg package that fits those conditions",sonmarg in october (560) ; sonmarg in april (549) ; sonmarg in december (439) ; sonmarg in may (427) ; sonmarg in march (414) ; sonmarg in november (345) ; sonmarg in september (285) ; sonmarg in january (186)
247,5,guide-month-hub,/guides/patnitop-by-month,Patnitop month by month,"Patnitop by Month - Weather, Snow, Crowds & Costs | Glitz Holidays",best time to visit patnitop,87,4430,14,0.0,2200-3000,"A verdict table for all twelve months before any prose - best / good / mixed / avoid | One self-contained section per month (12 have real demand: Jan, Feb, Mar, Apr, May, Jun, Jul, Aug, Sep, Oct, Nov, Dec) | Each month section states temperature range, snow probability, what is open, what to pack | Name the month to avoid explicitly - competitors will not | Price index per month so the cheap-vs-peak question is answered in one place | Each section must stand alone so passage ranking can lift it for 'patnitop in january' etc | CTA per season to the Patnitop package that fits those conditions",patnitop in december (601) ; patnitop in june (411) ; patnitop in november (368) ; patnitop in october (347) ; patnitop in september (280) ; patnitop in january (263) ; patnitop in august (262) ; patnitop in april (220)
248,5,guide-month-hub,/guides/srinagar-by-month,Srinagar month by month,"Srinagar by Month - Weather, Snow, Crowds & Costs | Glitz Holidays",best time to visit srinagar,287,3463,29,1.0,2200-3000,"A verdict table for all twelve months before any prose - best / good / mixed / avoid | One self-contained section per month (12 have real demand: Jan, Feb, Mar, Apr, May, Jun, Jul, Aug, Sep, Oct, Nov, Dec) | Each month section states temperature range, snow probability, what is open, what to pack | Name the month to avoid explicitly - competitors will not | Price index per month so the cheap-vs-peak question is answered in one place | Each section must stand alone so passage ranking can lift it for 'srinagar in january' etc | CTA per season to the Srinagar package that fits those conditions",srinagar in december (467) ; srinagar in january (232) ; srinagar in november (135) ; srinagar in february (121) ; srinagar in october (119) ; srinagar in september (108) ; srinagar in august (96) ; dal lake srinagar in december (93)
249,5,guide-month-hub,/guides/pahalgam-by-month,Pahalgam month by month,"Pahalgam by Month - Weather, Snow, Crowds & Costs | Glitz Holidays",best time to visit pahalgam,105,2917,14,0.0,2200-3000,"A verdict table for all twelve months before any prose - best / good / mixed / avoid | One self-contained section per month (12 have real demand: Jan, Feb, Mar, Apr, May, Jun, Jul, Aug, Sep, Oct, Nov, Dec) | Each month section states temperature range, snow probability, what is open, what to pack | Name the month to avoid explicitly - competitors will not | Price index per month so the cheap-vs-peak question is answered in one place | Each section must stand alone so passage ranking can lift it for 'pahalgam in january' etc | CTA per season to the Pahalgam package that fits those conditions",pahalgam in october (465) ; pahalgam in december (375) ; pahalgam in november (217) ; pahalgam in may (217) ; pahalgam in september (188) ; pahalgam in march (149) ; pahalgam in july (139) ; pahalgam in april (94)
250,5,guide-month-hub,/guides/vaishno-devi-by-month,Vaishno Devi month by month,"Vaishno Devi by Month - Weather, Snow, Crowds & Costs | Glitz Holidays",best time to visit vaishno devi,267,1912,11,0.0,2200-3000,"A verdict table for all twelve months before any prose - best / good / mixed / avoid | One self-contained section per month (12 have real demand: Jan, Feb, Mar, Apr, May, Jun, Jul, Aug, Sep, Oct, Nov, Dec) | Each month section states temperature range, snow probability, what is open, what to pack | Name the month to avoid explicitly - competitors will not | Price index per month so the cheap-vs-peak question is answered in one place | Each section must stand alone so passage ranking can lift it for 'vaishno devi in january' etc | CTA per season to the Vaishno Devi package that fits those conditions",vaishno devi yatra in april (121) ; vaishno devi in june month (94) ; vaishno devi yatra in may month (82) ; vaishno devi yatra june 2023 (73) ; vaishno devi in december (67) ; vaishno devi yatra in july (60) ; vaishno devi in august (47) ; vaishno devi yatra in december (42)
251,5,guide-month-hub,/guides/leh-by-month,Leh month by month,"Leh by Month - Weather, Snow, Crowds & Costs | Glitz Holidays",best time to visit leh,44,872,3,0.0,2200-3000,"A verdict table for all twelve months before any prose - best / good / mixed / avoid | One self-contained section per month (5 have real demand: Jan, Jun, Aug, Sep, Dec) | Each month section states temperature range, snow probability, what is open, what to pack | Name the month to avoid explicitly - competitors will not | Price index per month so the cheap-vs-peak question is answered in one place | Each section must stand alone so passage ranking can lift it for 'leh in january' etc | CTA per season to the Leh package that fits those conditions",leh in december (354) ; leh in january (248) ; leh in december end (49) ; leh trip in december (45) ; leh in january 2022 (20) ; leh in winter december (19) ; leh in december 2022 (15) ; leh december (13)
252,5,guide-month-hub,/guides/ladakh-by-month,Ladakh month by month,"Ladakh by Month - Weather, Snow, Crowds & Costs | Glitz Holidays",best time to visit ladakh,96,816,6,1.0,2200-3000,"A verdict table for all twelve months before any prose - best / good / mixed / avoid | One self-contained section per month (11 have real demand: Jan, Mar, Apr, May, Jun, Jul, Aug, Sep, Oct, Nov, Dec) | Each month section states temperature range, snow probability, what is open, what to pack | Name the month to avoid explicitly - competitors will not | Price index per month so the cheap-vs-peak question is answered in one place | Each section must stand alone so passage ranking can lift it for 'ladakh in january' etc | CTA per season to the Ladakh package that fits those conditions",leh ladakh in december (165) ; leh ladakh in january (100) ; ladakh in december (63) ; leh ladakh tour in december (35) ; leh ladakh in december 2022 (30) ; leh ladakh december (27) ; ladakh in april (27) ; ladakh in july (25)
253,5,guide-month-hub,/guides/jammu-by-month,Jammu month by month,"Jammu by Month - Weather, Snow, Crowds & Costs | Glitz Holidays",best time to visit jammu,16,91,1,0.0,2200-3000,"A verdict table for all twelve months before any prose - best / good / mixed / avoid | One self-contained section per month (8 have real demand: Jan, Apr, May, Jun, Aug, Oct, Nov, Dec) | Each month section states temperature range, snow probability, what is open, what to pack | Name the month to avoid explicitly - competitors will not | Price index per month so the cheap-vs-peak question is answered in one place | Each section must stand alone so passage ranking can lift it for 'jammu in january' etc | CTA per season to the Jammu package that fits those conditions",jammu in december (40) ; jammu in april (11) ; jammu in november (7) ; jammu in january (5) ; jammu in august (5) ; jammu in june (4) ; jammu in may month (4) ; jammu in october (4)
254,6,hindi,/hi/kashmir-ghumne-ki-jagah,Kashmir Mein Ghumne Ki Jagah,Kashmir Mein Ghumne Ki Jagah | Glitz Holidays,kashmir ghumne ki jagah,460,10652,84,1.0,1000-1400,"Written natively in Hindi by a speaker - machine translation will not rank and will not convert | Same factual depth as the English page: real prices in rupees, real distances, real timings | hreflang pair with the English equivalent | Hindi-language CTA and a WhatsApp number, which is how this audience converts",kashmir ghumne ki jagah (1023) ; jammu me ghumne ki jagah (960) ; kashmir me ghumne ki jagah (769) ; katra me ghumne ki jagah (474) ; kashmir mein ghumne ki jagah (443) ; jammu kashmir ghumne ki jagah (366) ; kashmir mai ghumne ki jagah (284) ; jammu kashmir me ghumne ki jagah (256)
255,6,hindi,/hi/kashmir-kaise-jaye,Kashmir Kaise Jaye,Kashmir Kaise Jaye | Glitz Holidays,jammu se srinagar kaise jaye,299,11892,113,4.0,1000-1400,"Written natively in Hindi by a speaker - machine translation will not rank and will not convert | Same factual depth as the English page: real prices in rupees, real distances, real timings | hreflang pair with the English equivalent | Hindi-language CTA and a WhatsApp number, which is how this audience converts",jammu se srinagar kaise jaye (1531) ; katra se srinagar kaise jaye (1163) ; kashmir kaise jaye (704) ; gulmarg kaise jaye (603) ; srinagar kaise jaye (585) ; delhi se kashmir kaise jaye (552) ; katra se gulmarg kaise jaye (541) ; udhampur se srinagar kaise jaye (437)
256,6,hindi,/hi/kashmir-trip-kharcha,Kashmir Trip Ka Kharcha,Kashmir Trip Ka Kharcha | Glitz Holidays,katra se kashmir kitna dur hai,149,399,2,0.0,1000-1400,"Written natively in Hindi by a speaker - machine translation will not rank and will not convert | Same factual depth as the English page: real prices in rupees, real distances, real timings | hreflang pair with the English equivalent | Hindi-language CTA and a WhatsApp number, which is how this audience converts",katra se kashmir kitna dur hai (16) ; katra se srinagar kitna dur hai (14) ; delhi se kashmir kitne kilometre hai (12) ; jammu se kashmir kitne kilometre hai (10) ; chandigarh se kashmir kitna dur hai (10) ; kashmir jaane ke liye kitna paisa lagta hai (9) ; kashmir ki ticket kitne ki hai (9) ; kashmir ka ticket kitne ka hai (9)
257,6,hindi,/hi/kashmir-jane-ka-best-time,Kashmir Jane Ka Sahi Samay,Kashmir Jane Ka Sahi Samay | Glitz Holidays,kashmir kab jana chahiye,24,922,11,0.0,1000-1400,"Written natively in Hindi by a speaker - machine translation will not rank and will not convert | Same factual depth as the English page: real prices in rupees, real distances, real timings | hreflang pair with the English equivalent | Hindi-language CTA and a WhatsApp number, which is how this audience converts",kashmir kab jana chahiye (464) ; srinagar kab jana chahiye (87) ; kashmir ghumne kab jaye (61) ; kashmir kab jaye (57) ; gulmarg kab jana chahiye (37) ; kashmir kab jana chahie (36) ; kashmir ghumne kab jana chahiye (27) ; gulmarg kashmir kab jaye (25)
258,6,hindi,/hi/vaishno-devi-yatra-guide,Vaishno Devi Yatra Guide,Vaishno Devi Yatra Guide | Glitz Holidays,vaishno devi yatra,455,10498,59,3.0,1000-1400,"Written natively in Hindi by a speaker - machine translation will not rank and will not convert | Same factual depth as the English page: real prices in rupees, real distances, real timings | hreflang pair with the English equivalent | Hindi-language CTA and a WhatsApp number, which is how this audience converts",vaishno devi yatra (4118) ; vaishno devi yatra 2023 (1119) ; mata vaishno devi yatra (591) ; kashmir yatra (190) ; best time to visit vaishno devi yatra (124) ; vaishno devi yatra in april (121) ; katra to shiv khori yatra (121) ; maa vaishno devi yatra (119)
259,6,hindi-mirror,/hi/packages/from/delhi,Kashmir Tour Packages from Delhi (Hindi),Kashmir Tour Packages from Delhi | Glitz Holidays,kashmir packages from delhi,1296,23233,602,41.5,900-1300,"Hindi re-authoring of /packages/from/delhi - same facts, written natively, not translated | Prices in rupees written the way Hindi searchers phrase them | hreflang alternate pair with /packages/from/delhi | WhatsApp CTA in Hindi - this audience converts on WhatsApp, not forms",delhi to kashmir train (1867) ; airfare from new delhi to srinagar (1134) ; delhi to kashmir flight (1112) ; airfare to srinagar from new delhi (805) ; delhi to gulmarg by train (760) ; delhi to kashmir (757) ; delhi to srinagar train (594) ; delhi to srinagar by train (594)
260,6,hindi-mirror,/hi/guides/kashmir-by-month,Kashmir month by month (Hindi),Kashmir month by month | Glitz Holidays,best time to visit kashmir,1522,20584,208,11.0,900-1300,"Hindi re-authoring of /guides/kashmir-by-month - same facts, written natively, not translated | Prices in rupees written the way Hindi searchers phrase them | hreflang alternate pair with /guides/kashmir-by-month | WhatsApp CTA in Hindi - this audience converts on WhatsApp, not forms",kashmir in october month (1213) ; kashmir in december (1103) ; kashmir in november month (663) ; kashmir in august (489) ; kashmir in september (485) ; kashmir in january month (326) ; kashmir in october (298) ; kashmir in november (290)
261,6,hindi-mirror,/hi/guides/places-to-visit-in-kashmir,Places to Visit in Kashmir (Hindi),Places to Visit in Kashmir | Glitz Holidays,kashmir places to visit,593,19978,500,17.3,900-1300,"Hindi re-authoring of /guides/places-to-visit-in-kashmir - same facts, written natively, not translated | Prices in rupees written the way Hindi searchers phrase them | hreflang alternate pair with /guides/places-to-visit-in-kashmir | WhatsApp CTA in Hindi - this audience converts on WhatsApp, not forms",kashmir tourist places (3759) ; places to visit in kashmir (2609) ; kashmir places to visit (1567) ; kashmir ghumne ki jagah (1023) ; kashmir me ghumne ki jagah (769) ; jammu kashmir tourist places (741) ; jammu and kashmir tourist places (524) ; kashmir mein ghumne ki jagah (443)
262,6,hindi-mirror,/hi/guides/best-time-to-visit-kashmir,Best Time to Visit Kashmir (Hindi),Best Time to Visit Kashmir | Glitz Holidays,best time to visit kashmir,827,13792,252,16.0,900-1300,"Hindi re-authoring of /guides/best-time-to-visit-kashmir - same facts, written natively, not translated | Prices in rupees written the way Hindi searchers phrase them | hreflang alternate pair with /guides/best-time-to-visit-kashmir | WhatsApp CTA in Hindi - this audience converts on WhatsApp, not forms",best time to visit kashmir (4248) ; kashmir best time to visit (596) ; snow in kashmir (470) ; kashmir in winter season (326) ; snowfall in kashmir (280) ; best time to visit kashmir for snowfall (261) ; kashmir winter season (250) ; best season to visit kashmir (245)
263,6,hindi-mirror,/hi/guides/how-to-reach-srinagar,How to Reach Srinagar (Hindi),How to Reach Srinagar | Glitz Holidays,how to reach srinagar,326,9484,93,5.0,900-1300,"Hindi re-authoring of /guides/how-to-reach-srinagar - same facts, written natively, not translated | Prices in rupees written the way Hindi searchers phrase them | hreflang alternate pair with /guides/how-to-reach-srinagar | WhatsApp CTA in Hindi - this audience converts on WhatsApp, not forms",jammu se srinagar kaise jaye (1531) ; katra se srinagar kaise jaye (1163) ; katra to srinagar by road (831) ; srinagar kaise jaye (585) ; delhi to srinagar by road (479) ; srinagar to pahalgam by road (454) ; udhampur se srinagar kaise jaye (437) ; srinagar to sonmarg by road (191)
264,0,proven-converter,/packages/kashmir-tour-package-with-flight,Kashmir tour packages with flights included,Kashmir tour packages with flights included | Glitz Holidays,kashmir tour package with flight,87,1010,0,9.0,1200-1800,"Land price and airfare quoted as two separate lines, never blended | Why a single all-inclusive number is worse for the buyer | Family maths: the flight is the dominant variable, not the land cost | What 'with flights' includes, and what remains an airline charge",kashmir tour package with flight (1010)
265,0,proven-converter,/packages/cheap-kashmir-tour-packages,Cheap Kashmir tour packages,Cheap Kashmir tour packages | Glitz Holidays,cheapest tour packages for kashmir,42,480,0,7.0,1200-1800,"The real floor price and what it buys | The four ways a cheaper quote is usually constructed | Fair savings vs unfair omissions, stated as a table | Season before duration as the lever that actually works",cheapest tour packages for kashmir (480)
266,0,proven-converter,/packages/jammu-tour-packages,Jammu tour packages,Jammu tour packages | Glitz Holidays,jammu tour package,3903,44970,0,46.7,1200-1800,"Jammu as a destination, not a corridor to somewhere else | Vaishno Devi yatra logistics: distance, ponies, helicopter, registration | Why combining with Kashmir beats two separate trips | Seasonality that runs opposite to the valley",jammu tour package (44970)
267,0,proven-converter,/packages/srinagar-packages,Srinagar packages by length,Srinagar packages by length | Glitz Holidays,srinagar package for 6 nights,106,521,0,7.0,1200-1800,"What genuinely fits in 4, 5 and 6 nights | The weather-buffer argument for the sixth night | Why the couple itinerary is built at five | Side-by-side comparison of the three lengths",srinagar package for 6 nights (521)
268,0,proven-converter,/packages/kashmir-packages-for-couples,Kashmir packages for couples,Kashmir packages for couples | Glitz Holidays,kashmir packages for couple,71,690,0,5.0,1200-1800,"What is structurally different, not decoratively different | Private vehicle as base spec, not an upgrade | Naming the houseboat rather than selling a category | Month-by-month guidance for couples",kashmir packages for couple (690)
269,0,proven-converter,/guides/kashmir-taxi-and-cab-fares-guide,Kashmir taxi and cab hire,Kashmir taxi and cab hire | Glitz Holidays,tempo traveller in srinagar,271,1826,0,18.0,1200-1800,The union system and why packages exclude those charges | Vehicle classes mapped to group size and luggage | The four exclusions travellers discover on the day | Five rules for hiring transport well,tempo traveller in srinagar (1826)
270,0,proven-converter,/guides/choosing-a-travel-agency-in-srinagar,Choosing a travel agency in Srinagar,Choosing a travel agency in Srinagar | Glitz Holidays,best travel agency in srinagar,635,3856,0,20.3,1200-1800,"DMC versus reseller, and why it matters at 9pm | Six questions that expose the difference | Warning signs worth walking away from | How to normalise competing quotes before comparing",best travel agency in srinagar (3856)
